ingredients,Synonyms,Fruit/Veg,Red/Processed Meat,Not food/drink,No Data Available,Energy (Kj),Energy (Kcal),Carbohydrate (g),Of which sugars (g),Fibre (g),Protein (g),Total fat (g),Of which saturates (g),Monounsaturated fat (g),Polyunsaturated fat (g),Omega 3 (g),Omega 6 (g),Trans-fats (g),Salt (g),Alcohol (g),Calcium (mg),Chloride (mg),Phosphorus (mg),Sodium (mg),Potassium (mg),Magnesium (mg),Iron (mg),Selenium (ug),Iodine (ug),Vitamin A (ug),Vitamin D (ug),Vitamin E (mg),Vitamin K1,Thiamin (B1) (mg),Riboflavin (B2) (mg),Niacin (B3) (mg),Pantothenic acid (B5) (mg),Pyridoxine (B6) (mg),Biotin (B7) (ug),Folates (B9) (ug),Vitamin B12 (ug),Vitamin C (mg),Nutritics ID,Comments,Source URL,Source URL 2,Source URL 3,Source URL 4,Source URL 5,Field 1,Field 0,Field 1 2
poached chicken,,,,,,,,,,,,,,,,,,,,,,,,,,,,,,,,,,,,,,,,,,,,,,,,,,,,
nonstick cooking spray,,,,,,,,,,,,,,,,,,,,,,,,,,,,,,,,,,,,,,,,,,,,,,,,,,,,
filet mignon steaks,,,,,,,,,,,,,,,,,,,,,,,,,,,,,,,,,,,,,,,,,,,,,,,,,,,,
unsalted butter,,,,,,,,,,,,,,,,,,,,,,,,,,,,,,,,,,,,,,,,,,,,,,,,,,,,
buttermilk,,,,,,,,,,,,,,,,,,,,,,,,,,,,,,,,,,,,,,,,,,,,,,,,,,,,
all purpose flour,,,,,,,,,,,,,,,,,,,,,,,,,,,,,,,,,,,,,,,,,,,,,,,,,,,,
chopped italian parsley leaves,,,,,,,,,,,,,,,,,,,,,,,,,,,,,,,,,,,,,,,,,,,,,,,,,,,,
package cream cheese,,,,,,,,,,,,,,,,,,,,,,,,,,,,,,,,,,,,,,,,,,,,,,,,,,,,
non hydrogenated vegetable shortening,,,,,,,,,,,,,,,,,,,,,,,,,,,,,,,,,,,,,,,,,,,,,,,,,,,,
salt,,,,,,,,,,,,,,,,,,,,,,,,,,,,,,,,,,,,,,,,,,,,,,,,,,,,
can cannellini beans,,,,,,,,,,,,,,,,,,,,,,,,,,,,,,,,,,,,,,,,,,,,,,,,,,,,
canola oil,,,,,,,,,,,,,,,,,,,,,,,,,,,,,,,,,,,,,,,,,,,,,,,,,,,,
sliced fresh chervil,,,,,,,,,,,,,,,,,,,,,,,,,,,,,,,,,,,,,,,,,,,,,,,,,,,,
bananas,,,,,,,,,,,,,,,,,,,,,,,,,,,,,,,,,,,,,,,,,,,,,,,,,,,,
packed dark brown sugar,,,,,,,,,,,,,,,,,,,,,,,,,,,,,,,,,,,,,,,,,,,,,,,,,,,,
cabrales cheese,,,,,,,,,,,,,,,,,,,,,,,,,,,,,,,,,,,,,,,,,,,,,,,,,,,,
vidalia,,,,,,,,,,,,,,,,,,,,,,,,,,,,,,,,,,,,,,,,,,,,,,,,,,,,
fresh cilantro sprigs,,,,,,,,,,,,,,,,,,,,,,,,,,,,,,,,,,,,,,,,,,,,,,,,,,,,
cinnamon,,,,,,,,,,,,,,,,,,,,,,,,,,,,,,,,,,,,,,,,,,,,,,,,,,,,
honey,,,,,,,,,,,,,,,,,,,,,,,,,,,,,,,,,,,,,,,,,,,,,,,,,,,,
salted butter,,,,,,,,,,,,,,,,,,,,,,,,,,,,,,,,,,,,,,,,,,,,,,,,,,,,
pepper,,,,,,,,,,,,,,,,,,,,,,,,,,,,,,,,,,,,,,,,,,,,,,,,,,,,
grated spanish onion,,,,,,,,,,,,,,,,,,,,,,,,,,,,,,,,,,,,,,,,,,,,,,,,,,,,
heavy cream,,,,,,,,,,,,,,,,,,,,,,,,,,,,,,,,,,,,,,,,,,,,,,,,,,,,
finely chopped parsley,,,,,,,,,,,,,,,,,,,,,,,,,,,,,,,,,,,,,,,,,,,,,,,,,,,,
dried white beans,,,,,,,,,,,,,,,,,,,,,,,,,,,,,,,,,,,,,,,,,,,,,,,,,,,,
raspberries,,,,,,,,,,,,,,,,,,,,,,,,,,,,,,,,,,,,,,,,,,,,,,,,,,,,
non hydrogenated vegan margarine,,,,,,,,,,,,,,,,,,,,,,,,,,,,,,,,,,,,,,,,,,,,,,,,,,,,
large plum tomatoes,,,,,,,,,,,,,,,,,,,,,,,,,,,,,,,,,,,,,,,,,,,,,,,,,,,,
pine nuts,,,,,,,,,,,,,,,,,,,,,,,,,,,,,,,,,,,,,,,,,,,,,,,,,,,,
fresh thyme sprigs,,,,,,,,,,,,,,,,,,,,,,,,,,,,,,,,,,,,,,,,,,,,,,,,,,,,
good honey,,,,,,,,,,,,,,,,,,,,,,,,,,,,,,,,,,,,,,,,,,,,,,,,,,,,
lemon,,,,,,,,,,,,,,,,,,,,,,,,,,,,,,,,,,,,,,,,,,,,,,,,,,,,
coconut milk,,,,,,,,,,,,,,,,,,,,,,,,,,,,,,,,,,,,,,,,,,,,,,,,,,,,
 uncooked rice,,,,,,,,,,,,,,,,,,,,,,,,,,,,,,,,,,,,,,,,,,,,,,,,,,,,
finely zestgrated ,,,,,,,,,,,,,,,,,,,,,,,,,,,,,,,,,,,,,,,,,,,,,,,,,,,,
fresh mozzarella cheese,,,,,,,,,,,,,,,,,,,,,,,,,,,,,,,,,,,,,,,,,,,,,,,,,,,,
can peeled plum tomatoes,,,,,,,,,,,,,,,,,,,,,,,,,,,,,,,,,,,,,,,,,,,,,,,,,,,,
egg whites,,,,,,,,,,,,,,,,,,,,,,,,,,,,,,,,,,,,,,,,,,,,,,,,,,,,
defrosted phyllo dough,,,,,,,,,,,,,,,,,,,,,,,,,,,,,,,,,,,,,,,,,,,,,,,,,,,,
water,,,,,,,,,,,,,,,,,,,,,,,,,,,,,,,,,,,,,,,,,,,,,,,,,,,,
semisweet chocolate morselsmini ,,,,,,,,,,,,,,,,,,,,,,,,,,,,,,,,,,,,,,,,,,,,,,,,,,,,
basmati rice,,,,,,,,,,,,,,,,,,,,,,,,,,,,,,,,,,,,,,,,,,,,,,,,,,,,
ricotta cheese,,,,,,,,,,,,,,,,,,,,,,,,,,,,,,,,,,,,,,,,,,,,,,,,,,,,
blanched ,,,,,,,,,,,,,,,,,,,,,,,,,,,,,,,,,,,,,,,,,,,,,,,,,,,,
cooked shredded chicken,,,,,,,,,,,,,,,,,,,,,,,,,,,,,,,,,,,,,,,,,,,,,,,,,,,,
almonds,,,,,,,,,,,,,,,,,,,,,,,,,,,,,,,,,,,,,,,,,,,,,,,,,,,,
fresh cilantro,,,,,,,,,,,,,,,,,,,,,,,,,,,,,,,,,,,,,,,,,,,,,,,,,,,,
grated orange zest,,,,,,,,,,,,,,,,,,,,,,,,,,,,,,,,,,,,,,,,,,,,,,,,,,,,
chopped mint leaves,,,,,,,,,,,,,,,,,,,,,,,,,,,,,,,,,,,,,,,,,,,,,,,,,,,,
walnut pieces,,,,,,,,,,,,,,,,,,,,,,,,,,,,,,,,,,,,,,,,,,,,,,,,,,,,
minced fresh scallions,,,,,,,,,,,,,,,,,,,,,,,,,,,,,,,,,,,,,,,,,,,,,,,,,,,,
chopped peanuts,,,,,,,,,,,,,,,,,,,,,,,,,,,,,,,,,,,,,,,,,,,,,,,,,,,,
spinach,,,,,,,,,,,,,,,,,,,,,,,,,,,,,,,,,,,,,,,,,,,,,,,,,,,,
vegetable shortening,,,,,,,,,,,,,,,,,,,,,,,,,,,,,,,,,,,,,,,,,,,,,,,,,,,,
dry mustard,,,,,,,,,,,,,,,,,,,,,,,,,,,,,,,,,,,,,,,,,,,,,,,,,,,,
fresh lemon juice,,,,,,,,,,,,,,,,,,,,,,,,,,,,,,,,,,,,,,,,,,,,,,,,,,,,
zest,,,,,,,,,,,,,,,,,,,,,,,,,,,,,,,,,,,,,,,,,,,,,,,,,,,,
shredded sharp cheddar,,,,,,,,,,,,,,,,,,,,,,,,,,,,,,,,,,,,,,,,,,,,,,,,,,,,
cumin,,,,,,,,,,,,,,,,,,,,,,,,,,,,,,,,,,,,,,,,,,,,,,,,,,,,
nicoise,,,,,,,,,,,,,,,,,,,,,,,,,,,,,,,,,,,,,,,,,,,,,,,,,,,,
ground red chili,,,,,,,,,,,,,,,,,,,,,,,,,,,,,,,,,,,,,,,,,,,,,,,,,,,,
tomatoes,,,,,,,,,,,,,,,,,,,,,,,,,,,,,,,,,,,,,,,,,,,,,,,,,,,,
shredded mozzarella,,,,,,,,,,,,,,,,,,,,,,,,,,,,,,,,,,,,,,,,,,,,,,,,,,,,
freshly cracked black pepper,,,,,,,,,,,,,,,,,,,,,,,,,,,,,,,,,,,,,,,,,,,,,,,,,,,,
dried marjoram,,,,,,,,,,,,,,,,,,,,,,,,,,,,,,,,,,,,,,,,,,,,,,,,,,,,
chopped kalamata olives,,,,,,,,,,,,,,,,,,,,,,,,,,,,,,,,,,,,,,,,,,,,,,,,,,,,
all purpose flour ,,,,,,,,,,,,,,,,,,,,,,,,,,,,,,,,,,,,,,,,,,,,,,,,,,,,
large cucumber,,,,,,,,,,,,,,,,,,,,,,,,,,,,,,,,,,,,,,,,,,,,,,,,,,,,
cucumber,,,,,,,,,,,,,,,,,,,,,,,,,,,,,,,,,,,,,,,,,,,,,,,,,,,,
grainy mustard,,,,,,,,,,,,,,,,,,,,,,,,,,,,,,,,,,,,,,,,,,,,,,,,,,,,
crushed red pepper flakes,,,,,,,,,,,,,,,,,,,,,,,,,,,,,,,,,,,,,,,,,,,,,,,,,,,,
kielbasa,,,,,,,,,,,,,,,,,,,,,,,,,,,,,,,,,,,,,,,,,,,,,,,,,,,,
halved cherry,,,,,,,,,,,,,,,,,,,,,,,,,,,,,,,,,,,,,,,,,,,,,,,,,,,,
small onion,,,,,,,,,,,,,,,,,,,,,,,,,,,,,,,,,,,,,,,,,,,,,,,,,,,,
dried summer savory,,,,,,,,,,,,,,,,,,,,,,,,,,,,,,,,,,,,,,,,,,,,,,,,,,,,
vegetable oil,,,,,,,,,,,,,,,,,,,,,,,,,,,,,,,,,,,,,,,,,,,,,,,,,,,,
can plum tomatoes,,,,,,,,,,,,,,,,,,,,,,,,,,,,,,,,,,,,,,,,,,,,,,,,,,,,
ground orange peel,,,,,,,,,,,,,,,,,,,,,,,,,,,,,,,,,,,,,,,,,,,,,,,,,,,,
spaghetti,,,,,,,,,,,,,,,,,,,,,,,,,,,,,,,,,,,,,,,,,,,,,,,,,,,,
whole kernel corn,,,,,,,,,,,,,,,,,,,,,,,,,,,,,,,,,,,,,,,,,,,,,,,,,,,,
basil pesto,,,,,,,,,,,,,,,,,,,,,,,,,,,,,,,,,,,,,,,,,,,,,,,,,,,,
fresh whipping cream,,,,,,,,,,,,,,,,,,,,,,,,,,,,,,,,,,,,,,,,,,,,,,,,,,,,
tenderloin,,,,,,,,,,,,,,,,,,,,,,,,,,,,,,,,,,,,,,,,,,,,,,,,,,,,
chopped fresh flat leaf parsley,,,,,,,,,,,,,,,,,,,,,,,,,,,,,,,,,,,,,,,,,,,,,,,,,,,,
anise seeds,,,,,,,,,,,,,,,,,,,,,,,,,,,,,,,,,,,,,,,,,,,,,,,,,,,,
uncooked grain long,,,,,,,,,,,,,,,,,,,,,,,,,,,,,,,,,,,,,,,,,,,,,,,,,,,,
crumbled feta,,,,,,,,,,,,,,,,,,,,,,,,,,,,,,,,,,,,,,,,,,,,,,,,,,,,
chopped fresh basil leaves,,,,,,,,,,,,,,,,,,,,,,,,,,,,,,,,,,,,,,,,,,,,,,,,,,,,
mayonnaise,,,,,,,,,,,,,,,,,,,,,,,,,,,,,,,,,,,,,,,,,,,,,,,,,,,,
diced fresh mango,,,,,,,,,,,,,,,,,,,,,,,,,,,,,,,,,,,,,,,,,,,,,,,,,,,,
seedless green grapes,,,,,,,,,,,,,,,,,,,,,,,,,,,,,,,,,,,,,,,,,,,,,,,,,,,,
pinch red pepper flakes,,,,,,,,,,,,,,,,,,,,,,,,,,,,,,,,,,,,,,,,,,,,,,,,,,,,
chopped onion,,,,,,,,,,,,,,,,,,,,,,,,,,,,,,,,,,,,,,,,,,,,,,,,,,,,
small purple,,,,,,,,,,,,,,,,,,,,,,,,,,,,,,,,,,,,,,,,,,,,,,,,,,,,
can puree tomato,,,,,,,,,,,,,,,,,,,,,,,,,,,,,,,,,,,,,,,,,,,,,,,,,,,,
thinly sliced pieces italian bread,,,,,,,,,,,,,,,,,,,,,,,,,,,,,,,,,,,,,,,,,,,,,,,,,,,,
pancetta,,,,,,,,,,,,,,,,,,,,,,,,,,,,,,,,,,,,,,,,,,,,,,,,,,,,
can pumpkin puree,,,,,,,,,,,,,,,,,,,,,,,,,,,,,,,,,,,,,,,,,,,,,,,,,,,,
sesame seeds,,,,,,,,,,,,,,,,,,,,,,,,,,,,,,,,,,,,,,,,,,,,,,,,,,,,
cocoa,,,,,,,,,,,,,,,,,,,,,,,,,,,,,,,,,,,,,,,,,,,,,,,,,,,,
sliced roasted red peppers,,,,,,,,,,,,,,,,,,,,,,,,,,,,,,,,,,,,,,,,,,,,,,,,,,,,
cinnamon stick,,,,,,,,,,,,,,,,,,,,,,,,,,,,,,,,,,,,,,,,,,,,,,,,,,,,
tabil,,,,,,,,,,,,,,,,,,,,,,,,,,,,,,,,,,,,,,,,,,,,,,,,,,,,
garlic powder,,,,,,,,,,,,,,,,,,,,,,,,,,,,,,,,,,,,,,,,,,,,,,,,,,,,
ground coriander seed,,,,,,,,,,,,,,,,,,,,,,,,,,,,,,,,,,,,,,,,,,,,,,,,,,,,
orechiette pasta,,,,,,,,,,,,,,,,,,,,,,,,,,,,,,,,,,,,,,,,,,,,,,,,,,,,
fresh raspberries,,,,,,,,,,,,,,,,,,,,,,,,,,,,,,,,,,,,,,,,,,,,,,,,,,,,
beef skirt,,,,,,,,,,,,,,,,,,,,,,,,,,,,,,,,,,,,,,,,,,,,,,,,,,,,
package hard ladyfingers,,,,,,,,,,,,,,,,,,,,,,,,,,,,,,,,,,,,,,,,,,,,,,,,,,,,
good olive oil,,,,,,,,,,,,,,,,,,,,,,,,,,,,,,,,,,,,,,,,,,,,,,,,,,,,
harisa,,,,,,,,,,,,,,,,,,,,,,,,,,,,,,,,,,,,,,,,,,,,,,,,,,,,
large pasteurized eggs,,,,,,,,,,,,,,,,,,,,,,,,,,,,,,,,,,,,,,,,,,,,,,,,,,,,
minced red onion,,,,,,,,,,,,,,,,,,,,,,,,,,,,,,,,,,,,,,,,,,,,,,,,,,,,
baking soda,,,,,,,,,,,,,,,,,,,,,,,,,,,,,,,,,,,,,,,,,,,,,,,,,,,,
fresh ground black pepper,,,,,,,,,,,,,,,,,,,,,,,,,,,,,,,,,,,,,,,,,,,,,,,,,,,,
cans blood orange soda,,,,,,,,,,,,,,,,,,,,,,,,,,,,,,,,,,,,,,,,,,,,,,,,,,,,
sugar snap peas,,,,,,,,,,,,,,,,,,,,,,,,,,,,,,,,,,,,,,,,,,,,,,,,,,,,
lump crabmeat,,,,,,,,,,,,,,,,,,,,,,,,,,,,,,,,,,,,,,,,,,,,,,,,,,,,
large head bibb lettuce,,,,,,,,,,,,,,,,,,,,,,,,,,,,,,,,,,,,,,,,,,,,,,,,,,,,
sliced jarred roasted red peppers,,,,,,,,,,,,,,,,,,,,,,,,,,,,,,,,,,,,,,,,,,,,,,,,,,,,
vinegar,,,,,,,,,,,,,,,,,,,,,,,,,,,,,,,,,,,,,,,,,,,,,,,,,,,,
raspberry fruit spread,,,,,,,,,,,,,,,,,,,,,,,,,,,,,,,,,,,,,,,,,,,,,,,,,,,,
potatoes,,,,,,,,,,,,,,,,,,,,,,,,,,,,,,,,,,,,,,,,,,,,,,,,,,,,
small red potatoes,,,,,,,,,,,,,,,,,,,,,,,,,,,,,,,,,,,,,,,,,,,,,,,,,,,,
angel hair pasta,,,,,,,,,,,,,,,,,,,,,,,,,,,,,,,,,,,,,,,,,,,,,,,,,,,,
fresh bean sprouts,,,,,,,,,,,,,,,,,,,,,,,,,,,,,,,,,,,,,,,,,,,,,,,,,,,,
chopped fresh italian parsley leaves,,,,,,,,,,,,,,,,,,,,,,,,,,,,,,,,,,,,,,,,,,,,,,,,,,,,
saltine crackers,,,,,,,,,,,,,,,,,,,,,,,,,,,,,,,,,,,,,,,,,,,,,,,,,,,,
head broccoli,,,,,,,,,,,,,,,,,,,,,,,,,,,,,,,,,,,,,,,,,,,,,,,,,,,,
chopped fresh basil,,,,,,,,,,,,,,,,,,,,,,,,,,,,,,,,,,,,,,,,,,,,,,,,,,,,
turmeric,,,,,,,,,,,,,,,,,,,,,,,,,,,,,,,,,,,,,,,,,,,,,,,,,,,,
garlic clove,,,,,,,,,,,,,,,,,,,,,,,,,,,,,,,,,,,,,,,,,,,,,,,,,,,,
chopped fresh cilantro leaves,,,,,,,,,,,,,,,,,,,,,,,,,,,,,,,,,,,,,,,,,,,,,,,,,,,,
plain yogurt,,,,,,,,,,,,,,,,,,,,,,,,,,,,,,,,,,,,,,,,,,,,,,,,,,,,
biscotti cookies,,,,,,,,,,,,,,,,,,,,,,,,,,,,,,,,,,,,,,,,,,,,,,,,,,,,
mini cheddar crackers,,,,,,,,,,,,,,,,,,,,,,,,,,,,,,,,,,,,,,,,,,,,,,,,,,,,
chicken broth,,,,,,,,,,,,,,,,,,,,,,,,,,,,,,,,,,,,,,,,,,,,,,,,,,,,
garam masala powder,,,,,,,,,,,,,,,,,,,,,,,,,,,,,,,,,,,,,,,,,,,,,,,,,,,,
cans lump crab meat,,,,,,,,,,,,,,,,,,,,,,,,,,,,,,,,,,,,,,,,,,,,,,,,,,,,
goat cheese,,,,,,,,,,,,,,,,,,,,,,,,,,,,,,,,,,,,,,,,,,,,,,,,,,,,
toffee chips,,,,,,,,,,,,,,,,,,,,,,,,,,,,,,,,,,,,,,,,,,,,,,,,,,,,
chopped yellow onion,,,,,,,,,,,,,,,,,,,,,,,,,,,,,,,,,,,,,,,,,,,,,,,,,,,,
can fire roasted chopped tomatoes,,,,,,,,,,,,,,,,,,,,,,,,,,,,,,,,,,,,,,,,,,,,,,,,,,,,
jalapeno pepper,,,,,,,,,,,,,,,,,,,,,,,,,,,,,,,,,,,,,,,,,,,,,,,,,,,,
finely chopped flat leaf parsley,,,,,,,,,,,,,,,,,,,,,,,,,,,,,,,,,,,,,,,,,,,,,,,,,,,,
ketchup,,,,,,,,,,,,,,,,,,,,,,,,,,,,,,,,,,,,,,,,,,,,,,,,,,,,
parsley leaves,,,,,,,,,,,,,,,,,,,,,,,,,,,,,,,,,,,,,,,,,,,,,,,,,,,,
lean ground beef,,,,,,,,,,,,,,,,,,,,,,,,,,,,,,,,,,,,,,,,,,,,,,,,,,,,
grated cheddar,,,,,,,,,,,,,,,,,,,,,,,,,,,,,,,,,,,,,,,,,,,,,,,,,,,,
orange,,,,,,,,,,,,,,,,,,,,,,,,,,,,,,,,,,,,,,,,,,,,,,,,,,,,
splash,,,,,,,,,,,,,,,,,,,,,,,,,,,,,,,,,,,,,,,,,,,,,,,,,,,,
finely diced ham,,,,,,,,,,,,,,,,,,,,,,,,,,,,,,,,,,,,,,,,,,,,,,,,,,,,
chopped parsley leaves,,,,,,,,,,,,,,,,,,,,,,,,,,,,,,,,,,,,,,,,,,,,,,,,,,,,
large eggs,,,,,,,,,,,,,,,,,,,,,,,,,,,,,,,,,,,,,,,,,,,,,,,,,,,,
shredded provolone,,,,,,,,,,,,,,,,,,,,,,,,,,,,,,,,,,,,,,,,,,,,,,,,,,,,
jarred ,,,,,,,,,,,,,,,,,,,,,,,,,,,,,,,,,,,,,,,,,,,,,,,,,,,,
challah bread,,,,,,,,,,,,,,,,,,,,,,,,,,,,,,,,,,,,,,,,,,,,,,,,,,,,
hot sauce,,,,,,,,,,,,,,,,,,,,,,,,,,,,,,,,,,,,,,,,,,,,,,,,,,,,
cooked ,,,,,,,,,,,,,,,,,,,,,,,,,,,,,,,,,,,,,,,,,,,,,,,,,,,,
canola,,,,,,,,,,,,,,,,,,,,,,,,,,,,,,,,,,,,,,,,,,,,,,,,,,,,
grated parmesan,,,,,,,,,,,,,,,,,,,,,,,,,,,,,,,,,,,,,,,,,,,,,,,,,,,,
grated gruyere,,,,,,,,,,,,,,,,,,,,,,,,,,,,,,,,,,,,,,,,,,,,,,,,,,,,
dark brown sugar,,,,,,,,,,,,,,,,,,,,,,,,,,,,,,,,,,,,,,,,,,,,,,,,,,,,
whole milk,,,,,,,,,,,,,,,,,,,,,,,,,,,,,,,,,,,,,,,,,,,,,,,,,,,,
whole egg,,,,,,,,,,,,,,,,,,,,,,,,,,,,,,,,,,,,,,,,,,,,,,,,,,,,
small orange,,,,,,,,,,,,,,,,,,,,,,,,,,,,,,,,,,,,,,,,,,,,,,,,,,,,
couscous,,,,,,,,,,,,,,,,,,,,,,,,,,,,,,,,,,,,,,,,,,,,,,,,,,,,
fennel seed,,,,,,,,,,,,,,,,,,,,,,,,,,,,,,,,,,,,,,,,,,,,,,,,,,,,
packed light brown sugar,,,,,,,,,,,,,,,,,,,,,,,,,,,,,,,,,,,,,,,,,,,,,,,,,,,,
ripe but firm large tomatoes,,,,,,,,,,,,,,,,,,,,,,,,,,,,,,,,,,,,,,,,,,,,,,,,,,,,
dried tarragon,,,,,,,,,,,,,,,,,,,,,,,,,,,,,,,,,,,,,,,,,,,,,,,,,,,,
big pinch chaat masala,,,,,,,,,,,,,,,,,,,,,,,,,,,,,,,,,,,,,,,,,,,,,,,,,,,,
large tomatoes,,,,,,,,,,,,,,,,,,,,,,,,,,,,,,,,,,,,,,,,,,,,,,,,,,,,
worcestershire sauce,,,,,,,,,,,,,,,,,,,,,,,,,,,,,,,,,,,,,,,,,,,,,,,,,,,,
sized ,,,,,,,,,,,,,,,,,,,,,,,,,,,,,,,,,,,,,,,,,,,,,,,,,,,,
pecans,,,,,,,,,,,,,,,,,,,,,,,,,,,,,,,,,,,,,,,,,,,,,,,,,,,,
ground nutmeg,,,,,,,,,,,,,,,,,,,,,,,,,,,,,,,,,,,,,,,,,,,,,,,,,,,,
sliced kalamata olives,,,,,,,,,,,,,,,,,,,,,,,,,,,,,,,,,,,,,,,,,,,,,,,,,,,,
sea salt,,,,,,,,,,,,,,,,,,,,,,,,,,,,,,,,,,,,,,,,,,,,,,,,,,,,
large onions,,,,,,,,,,,,,,,,,,,,,,,,,,,,,,,,,,,,,,,,,,,,,,,,,,,,
pitted nicoise,,,,,,,,,,,,,,,,,,,,,,,,,,,,,,,,,,,,,,,,,,,,,,,,,,,,
crumbled true cinnamon bark,,,,,,,,,,,,,,,,,,,,,,,,,,,,,,,,,,,,,,,,,,,,,,,,,,,,
endive,,,,,,,,,,,,,,,,,,,,,,,,,,,,,,,,,,,,,,,,,,,,,,,,,,,,
capers,,,,,,,,,,,,,,,,,,,,,,,,,,,,,,,,,,,,,,,,,,,,,,,,,,,,
sliced aged provolone,,,,,,,,,,,,,,,,,,,,,,,,,,,,,,,,,,,,,,,,,,,,,,,,,,,,
chopped ,,,,,,,,,,,,,,,,,,,,,,,,,,,,,,,,,,,,,,,,,,,,,,,,,,,,
cold water,,,,,,,,,,,,,,,,,,,,,,,,,,,,,,,,,,,,,,,,,,,,,,,,,,,,
red pepper flakes,,,,,,,,,,,,,,,,,,,,,,,,,,,,,,,,,,,,,,,,,,,,,,,,,,,,
fresh basil,,,,,,,,,,,,,,,,,,,,,,,,,,,,,,,,,,,,,,,,,,,,,,,,,,,,
hawk triple creme cheese,,,,,,,,,,,,,,,,,,,,,,,,,,,,,,,,,,,,,,,,,,,,,,,,,,,,
nuts,,,,,,,,,,,,,,,,,,,,,,,,,,,,,,,,,,,,,,,,,,,,,,,,,,,,
packages chocolate chip cookie dough,,,,,,,,,,,,,,,,,,,,,,,,,,,,,,,,,,,,,,,,,,,,,,,,,,,,
ground beef,,,,,,,,,,,,,,,,,,,,,,,,,,,,,,,,,,,,,,,,,,,,,,,,,,,,
whole cloves,,,,,,,,,,,,,,,,,,,,,,,,,,,,,,,,,,,,,,,,,,,,,,,,,,,,
minced garlic,,,,,,,,,,,,,,,,,,,,,,,,,,,,,,,,,,,,,,,,,,,,,,,,,,,,
shrimp,,,,,,,,,,,,,,,,,,,,,,,,,,,,,,,,,,,,,,,,,,,,,,,,,,,,
baking powder,,,,,,,,,,,,,,,,,,,,,,,,,,,,,,,,,,,,,,,,,,,,,,,,,,,,
diced roasted carrots,,,,,,,,,,,,,,,,,,,,,,,,,,,,,,,,,,,,,,,,,,,,,,,,,,,,
crumbled feta cheese,,,,,,,,,,,,,,,,,,,,,,,,,,,,,,,,,,,,,,,,,,,,,,,,,,,,
lemons,,,,,,,,,,,,,,,,,,,,,,,,,,,,,,,,,,,,,,,,,,,,,,,,,,,,
high ,,,,,,,,,,,,,,,,,,,,,,,,,,,,,,,,,,,,,,,,,,,,,,,,,,,,
grapeseed oil,,,,,,,,,,,,,,,,,,,,,,,,,,,,,,,,,,,,,,,,,,,,,,,,,,,,
fresh lime juice,,,,,,,,,,,,,,,,,,,,,,,,,,,,,,,,,,,,,,,,,,,,,,,,,,,,
sugar,,,,,,,,,,,,,,,,,,,,,,,,,,,,,,,,,,,,,,,,,,,,,,,,,,,,
small red onion,,,,,,,,,,,,,,,,,,,,,,,,,,,,,,,,,,,,,,,,,,,,,,,,,,,,
sliced sun dried tomatoes,,,,,,,,,,,,,,,,,,,,,,,,,,,,,,,,,,,,,,,,,,,,,,,,,,,,
can sweetened condensed milk,,,,,,,,,,,,,,,,,,,,,,,,,,,,,,,,,,,,,,,,,,,,,,,,,,,,
medium head cabbage,,,,,,,,,,,,,,,,,,,,,,,,,,,,,,,,,,,,,,,,,,,,,,,,,,,,
water chestnuts,,,,,,,,,,,,,,,,,,,,,,,,,,,,,,,,,,,,,,,,,,,,,,,,,,,,
pre ,,,,,,,,,,,,,,,,,,,,,,,,,,,,,,,,,,,,,,,,,,,,,,,,,,,,
fresh ginger,,,,,,,,,,,,,,,,,,,,,,,,,,,,,,,,,,,,,,,,,,,,,,,,,,,,
roast beef,,,,,,,,,,,,,,,,,,,,,,,,,,,,,,,,,,,,,,,,,,,,,,,,,,,,
stalks celery,,,,,,,,,,,,,,,,,,,,,,,,,,,,,,,,,,,,,,,,,,,,,,,,,,,,
triple washed fresh spinach,,,,,,,,,,,,,,,,,,,,,,,,,,,,,,,,,,,,,,,,,,,,,,,,,,,,
shredded romaine lettuce,,,,,,,,,,,,,,,,,,,,,,,,,,,,,,,,,,,,,,,,,,,,,,,,,,,,
vanilla extract,,,,,,,,,,,,,,,,,,,,,,,,,,,,,,,,,,,,,,,,,,,,,,,,,,,,
packed fresh flat leaf parsley,,,,,,,,,,,,,,,,,,,,,,,,,,,,,,,,,,,,,,,,,,,,,,,,,,,,
kosher ,,,,,,,,,,,,,,,,,,,,,,,,,,,,,,,,,,,,,,,,,,,,,,,,,,,,
fresh blueberries,,,,,,,,,,,,,,,,,,,,,,,,,,,,,,,,,,,,,,,,,,,,,,,,,,,,
coarsely chopped flat leaf parsley,,,,,,,,,,,,,,,,,,,,,,,,,,,,,,,,,,,,,,,,,,,,,,,,,,,,
ground cinnamon,,,,,,,,,,,,,,,,,,,,,,,,,,,,,,,,,,,,,,,,,,,,,,,,,,,,
cloves garlic,,,,,,,,,,,,,,,,,,,,,,,,,,,,,,,,,,,,,,,,,,,,,,,,,,,,
chopped mixed winter greens,,,,,,,,,,,,,,,,,,,,,,,,,,,,,,,,,,,,,,,,,,,,,,,,,,,,
cayenne,,,,,,,,,,,,,,,,,,,,,,,,,,,,,,,,,,,,,,,,,,,,,,,,,,,,
granulated sugar,,,,,,,,,,,,,,,,,,,,,,,,,,,,,,,,,,,,,,,,,,,,,,,,,,,,
coconut oil,,,,,,,,,,,,,,,,,,,,,,,,,,,,,,,,,,,,,,,,,,,,,,,,,,,,
turbinado,,,,,,,,,,,,,,,,,,,,,,,,,,,,,,,,,,,,,,,,,,,,,,,,,,,,
shredded pepper jack,,,,,,,,,,,,,,,,,,,,,,,,,,,,,,,,,,,,,,,,,,,,,,,,,,,,
low moisture mozzarella,,,,,,,,,,,,,,,,,,,,,,,,,,,,,,,,,,,,,,,,,,,,,,,,,,,,
cherry tomatoes,,,,,,,,,,,,,,,,,,,,,,,,,,,,,,,,,,,,,,,,,,,,,,,,,,,,
fennel,,,,,,,,,,,,,,,,,,,,,,,,,,,,,,,,,,,,,,,,,,,,,,,,,,,,
yellow onion,,,,,,,,,,,,,,,,,,,,,,,,,,,,,,,,,,,,,,,,,,,,,,,,,,,,
package round wonton wrappers,,,,,,,,,,,,,,,,,,,,,,,,,,,,,,,,,,,,,,,,,,,,,,,,,,,,
small basil leavesfresh ,,,,,,,,,,,,,,,,,,,,,,,,,,,,,,,,,,,,,,,,,,,,,,,,,,,,
boneless skinless chicken breasts,,,,,,,,,,,,,,,,,,,,,,,,,,,,,,,,,,,,,,,,,,,,,,,,,,,,
refrigerated cheese ravioli,,,,,,,,,,,,,,,,,,,,,,,,,,,,,,,,,,,,,,,,,,,,,,,,,,,,
chopped fresh oregano leaves,,,,,,,,,,,,,,,,,,,,,,,,,,,,,,,,,,,,,,,,,,,,,,,,,,,,
finely diced water chestnuts,,,,,,,,,,,,,,,,,,,,,,,,,,,,,,,,,,,,,,,,,,,,,,,,,,,,
chopped fresh parsley,,,,,,,,,,,,,,,,,,,,,,,,,,,,,,,,,,,,,,,,,,,,,,,,,,,,
melted butter,,,,,,,,,,,,,,,,,,,,,,,,,,,,,,,,,,,,,,,,,,,,,,,,,,,,
chopped fresh parsley leaves,,,,,,,,,,,,,,,,,,,,,,,,,,,,,,,,,,,,,,,,,,,,,,,,,,,,
medium eggplants,,,,,,,,,,,,,,,,,,,,,,,,,,,,,,,,,,,,,,,,,,,,,,,,,,,,
white basmati rice,,,,,,,,,,,,,,,,,,,,,,,,,,,,,,,,,,,,,,,,,,,,,,,,,,,,
freshly parmesan cheesegrated ,,,,,,,,,,,,,,,,,,,,,,,,,,,,,,,,,,,,,,,,,,,,,,,,,,,,
cooked lobster meat,,,,,,,,,,,,,,,,,,,,,,,,,,,,,,,,,,,,,,,,,,,,,,,,,,,,
cayenne pepper,,,,,,,,,,,,,,,,,,,,,,,,,,,,,,,,,,,,,,,,,,,,,,,,,,,,
thin ,,,,,,,,,,,,,,,,,,,,,,,,,,,,,,,,,,,,,,,,,,,,,,,,,,,,
dry white wine,,,,,,,,,,,,,,,,,,,,,,,,,,,,,,,,,,,,,,,,,,,,,,,,,,,,
can whole plum tomatoes,,,,,,,,,,,,,,,,,,,,,,,,,,,,,,,,,,,,,,,,,,,,,,,,,,,,
dried thyme leaves,,,,,,,,,,,,,,,,,,,,,,,,,,,,,,,,,,,,,,,,,,,,,,,,,,,,
thick ,,,,,,,,,,,,,,,,,,,,,,,,,,,,,,,,,,,,,,,,,,,,,,,,,,,,
thyme,,,,,,,,,,,,,,,,,,,,,,,,,,,,,,,,,,,,,,,,,,,,,,,,,,,,
boneless skinless chicken breast,,,,,,,,,,,,,,,,,,,,,,,,,,,,,,,,,,,,,,,,,,,,,,,,,,,,
fresh mint,,,,,,,,,,,,,,,,,,,,,,,,,,,,,,,,,,,,,,,,,,,,,,,,,,,,
gelatin,,,,,,,,,,,,,,,,,,,,,,,,,,,,,,,,,,,,,,,,,,,,,,,,,,,,
pecan,,,,,,,,,,,,,,,,,,,,,,,,,,,,,,,,,,,,,,,,,,,,,,,,,,,,
tomato paste,,,,,,,,,,,,,,,,,,,,,,,,,,,,,,,,,,,,,,,,,,,,,,,,,,,,
freshly ground black pepper,,,,,,,,,,,,,,,,,,,,,,,,,,,,,,,,,,,,,,,,,,,,,,,,,,,,
celery seeds,,,,,,,,,,,,,,,,,,,,,,,,,,,,,,,,,,,,,,,,,,,,,,,,,,,,
hot water,,,,,,,,,,,,,,,,,,,,,,,,,,,,,,,,,,,,,,,,,,,,,,,,,,,,
minced fresh curly parsley leaves,,,,,,,,,,,,,,,,,,,,,,,,,,,,,,,,,,,,,,,,,,,,,,,,,,,,
breadcrumbs,,,,,,,,,,,,,,,,,,,,,,,,,,,,,,,,,,,,,,,,,,,,,,,,,,,,
rounded ,,,,,,,,,,,,,,,,,,,,,,,,,,,,,,,,,,,,,,,,,,,,,,,,,,,,
 rib lamb chops,,,,,,,,,,,,,,,,,,,,,,,,,,,,,,,,,,,,,,,,,,,,,,,,,,,,
sushi tuna,,,,,,,,,,,,,,,,,,,,,,,,,,,,,,,,,,,,,,,,,,,,,,,,,,,,
marinade,,,,,,,,,,,,,,,,,,,,,,,,,,,,,,,,,,,,,,,,,,,,,,,,,,,,
cold heavy cream,,,,,,,,,,,,,,,,,,,,,,,,,,,,,,,,,,,,,,,,,,,,,,,,,,,,
dried apricots,,,,,,,,,,,,,,,,,,,,,,,,,,,,,,,,,,,,,,,,,,,,,,,,,,,,
red wine vinegar,,,,,,,,,,,,,,,,,,,,,,,,,,,,,,,,,,,,,,,,,,,,,,,,,,,,
cold unsalted butter,,,,,,,,,,,,,,,,,,,,,,,,,,,,,,,,,,,,,,,,,,,,,,,,,,,,
pitted ,,,,,,,,,,,,,,,,,,,,,,,,,,,,,,,,,,,,,,,,,,,,,,,,,,,,
pinch kosher salt,,,,,,,,,,,,,,,,,,,,,,,,,,,,,,,,,,,,,,,,,,,,,,,,,,,,
freshly squeezed lime juice,,,,,,,,,,,,,,,,,,,,,,,,,,,,,,,,,,,,,,,,,,,,,,,,,,,,
sour cream,,,,,,,,,,,,,,,,,,,,,,,,,,,,,,,,,,,,,,,,,,,,,,,,,,,,
can dark red kidney beans,,,,,,,,,,,,,,,,,,,,,,,,,,,,,,,,,,,,,,,,,,,,,,,,,,,,
large carrot,,,,,,,,,,,,,,,,,,,,,,,,,,,,,,,,,,,,,,,,,,,,,,,,,,,,
fresh thyme,,,,,,,,,,,,,,,,,,,,,,,,,,,,,,,,,,,,,,,,,,,,,,,,,,,,
cultured buttermilk,,,,,,,,,,,,,,,,,,,,,,,,,,,,,,,,,,,,,,,,,,,,,,,,,,,,
grated parmesan cheese,,,,,,,,,,,,,,,,,,,,,,,,,,,,,,,,,,,,,,,,,,,,,,,,,,,,
extra virgin olive oil,,,,,,,,,,,,,,,,,,,,,,,,,,,,,,,,,,,,,,,,,,,,,,,,,,,,
grilled sweet corn kernels,,,,,,,,,,,,,,,,,,,,,,,,,,,,,,,,,,,,,,,,,,,,,,,,,,,,
chickens,,,,,,,,,,,,,,,,,,,,,,,,,,,,,,,,,,,,,,,,,,,,,,,,,,,,
chopped pitted greek,,,,,,,,,,,,,,,,,,,,,,,,,,,,,,,,,,,,,,,,,,,,,,,,,,,,
star anise,,,,,,,,,,,,,,,,,,,,,,,,,,,,,,,,,,,,,,,,,,,,,,,,,,,,
shallots,,,,,,,,,,,,,,,,,,,,,,,,,,,,,,,,,,,,,,,,,,,,,,,,,,,,
beef tri tip,,,,,,,,,,,,,,,,,,,,,,,,,,,,,,,,,,,,,,,,,,,,,,,,,,,,
linguine pasta,,,,,,,,,,,,,,,,,,,,,,,,,,,,,,,,,,,,,,,,,,,,,,,,,,,,
sliced blanched almonds,,,,,,,,,,,,,,,,,,,,,,,,,,,,,,,,,,,,,,,,,,,,,,,,,,,,
eggs,,,,,,,,,,,,,,,,,,,,,,,,,,,,,,,,,,,,,,,,,,,,,,,,,,,,
brewed ,,,,,,,,,,,,,,,,,,,,,,,,,,,,,,,,,,,,,,,,,,,,,,,,,,,,
hoisin sauce,,,,,,,,,,,,,,,,,,,,,,,,,,,,,,,,,,,,,,,,,,,,,,,,,,,,
sprig fresh oregano,,,,,,,,,,,,,,,,,,,,,,,,,,,,,,,,,,,,,,,,,,,,,,,,,,,,
fresh ricotta,,,,,,,,,,,,,,,,,,,,,,,,,,,,,,,,,,,,,,,,,,,,,,,,,,,,
unsweetened grated coconut,,,,,,,,,,,,,,,,,,,,,,,,,,,,,,,,,,,,,,,,,,,,,,,,,,,,
fresh mint sprigs,,,,,,,,,,,,,,,,,,,,,,,,,,,,,,,,,,,,,,,,,,,,,,,,,,,,
suggested,,,,,,,,,,,,,,,,,,,,,,,,,,,,,,,,,,,,,,,,,,,,,,,,,,,,
fresh rosemary leaves,,,,,,,,,,,,,,,,,,,,,,,,,,,,,,,,,,,,,,,,,,,,,,,,,,,,
french vanilla bean ice cream,,,,,,,,,,,,,,,,,,,,,,,,,,,,,,,,,,,,,,,,,,,,,,,,,,,,
chicken tenders,,,,,,,,,,,,,,,,,,,,,,,,,,,,,,,,,,,,,,,,,,,,,,,,,,,,
grated fresh ginger,,,,,,,,,,,,,,,,,,,,,,,,,,,,,,,,,,,,,,,,,,,,,,,,,,,,
cubed peeled potatoes,,,,,,,,,,,,,,,,,,,,,,,,,,,,,,,,,,,,,,,,,,,,,,,,,,,,
minced fresh garlic,,,,,,,,,,,,,,,,,,,,,,,,,,,,,,,,,,,,,,,,,,,,,,,,,,,,
light brown sugar,,,,,,,,,,,,,,,,,,,,,,,,,,,,,,,,,,,,,,,,,,,,,,,,,,,,
 coconut milk,,,,,,,,,,,,,,,,,,,,,,,,,,,,,,,,,,,,,,,,,,,,,,,,,,,,
minced fresh dill leaves,,,,,,,,,,,,,,,,,,,,,,,,,,,,,,,,,,,,,,,,,,,,,,,,,,,,
caraway seeds,,,,,,,,,,,,,,,,,,,,,,,,,,,,,,,,,,,,,,,,,,,,,,,,,,,,
medium ,,,,,,,,,,,,,,,,,,,,,,,,,,,,,,,,,,,,,,,,,,,,,,,,,,,,
fresh cilantro leaves,,,,,,,,,,,,,,,,,,,,,,,,,,,,,,,,,,,,,,,,,,,,,,,,,,,,
cider vinegar,,,,,,,,,,,,,,,,,,,,,,,,,,,,,,,,,,,,,,,,,,,,,,,,,,,,
can coconut milk,,,,,,,,,,,,,,,,,,,,,,,,,,,,,,,,,,,,,,,,,,,,,,,,,,,,
finely chopped pecans,,,,,,,,,,,,,,,,,,,,,,,,,,,,,,,,,,,,,,,,,,,,,,,,,,,,
fresh strawberries,,,,,,,,,,,,,,,,,,,,,,,,,,,,,,,,,,,,,,,,,,,,,,,,,,,,
large loaf italian bread,,,,,,,,,,,,,,,,,,,,,,,,,,,,,,,,,,,,,,,,,,,,,,,,,,,,
premium ice cream,,,,,,,,,,,,,,,,,,,,,,,,,,,,,,,,,,,,,,,,,,,,,,,,,,,,
homemade ,,,,,,,,,,,,,,,,,,,,,,,,,,,,,,,,,,,,,,,,,,,,,,,,,,,,
small tomatoes,,,,,,,,,,,,,,,,,,,,,,,,,,,,,,,,,,,,,,,,,,,,,,,,,,,,
grated zucchini,,,,,,,,,,,,,,,,,,,,,,,,,,,,,,,,,,,,,,,,,,,,,,,,,,,,
corn syrup,,,,,,,,,,,,,,,,,,,,,,,,,,,,,,,,,,,,,,,,,,,,,,,,,,,,
warm water,,,,,,,,,,,,,,,,,,,,,,,,,,,,,,,,,,,,,,,,,,,,,,,,,,,,
box pumpkin spice flavored instant pudding mix,,,,,,,,,,,,,,,,,,,,,,,,,,,,,,,,,,,,,,,,,,,,,,,,,,,,
chopped romaine lettuce,,,,,,,,,,,,,,,,,,,,,,,,,,,,,,,,,,,,,,,,,,,,,,,,,,,,
basil leaves,,,,,,,,,,,,,,,,,,,,,,,,,,,,,,,,,,,,,,,,,,,,,,,,,,,,
chocolate bark candy coating,,,,,,,,,,,,,,,,,,,,,,,,,,,,,,,,,,,,,,,,,,,,,,,,,,,,
chopped pecans,,,,,,,,,,,,,,,,,,,,,,,,,,,,,,,,,,,,,,,,,,,,,,,,,,,,
can light tuna,,,,,,,,,,,,,,,,,,,,,,,,,,,,,,,,,,,,,,,,,,,,,,,,,,,,
good chicken stock,,,,,,,,,,,,,,,,,,,,,,,,,,,,,,,,,,,,,,,,,,,,,,,,,,,,
banana,,,,,,,,,,,,,,,,,,,,,,,,,,,,,,,,,,,,,,,,,,,,,,,,,,,,
chili powder,,,,,,,,,,,,,,,,,,,,,,,,,,,,,,,,,,,,,,,,,,,,,,,,,,,,
bow ties pasta,,,,,,,,,,,,,,,,,,,,,,,,,,,,,,,,,,,,,,,,,,,,,,,,,,,,
italian flat leaf parsley,,,,,,,,,,,,,,,,,,,,,,,,,,,,,,,,,,,,,,,,,,,,,,,,,,,,
minced fresh ginger,,,,,,,,,,,,,,,,,,,,,,,,,,,,,,,,,,,,,,,,,,,,,,,,,,,,
uncooked large shrimp,,,,,,,,,,,,,,,,,,,,,,,,,,,,,,,,,,,,,,,,,,,,,,,,,,,,
dried oregano,,,,,,,,,,,,,,,,,,,,,,,,,,,,,,,,,,,,,,,,,,,,,,,,,,,,
lime juice,,,,,,,,,,,,,,,,,,,,,,,,,,,,,,,,,,,,,,,,,,,,,,,,,,,,
freshly grated nutmeg,,,,,,,,,,,,,,,,,,,,,,,,,,,,,,,,,,,,,,,,,,,,,,,,,,,,
rice vinegar,,,,,,,,,,,,,,,,,,,,,,,,,,,,,,,,,,,,,,,,,,,,,,,,,,,,
medium orange,,,,,,,,,,,,,,,,,,,,,,,,,,,,,,,,,,,,,,,,,,,,,,,,,,,,
bottled chili garlic sauce,,,,,,,,,,,,,,,,,,,,,,,,,,,,,,,,,,,,,,,,,,,,,,,,,,,,
medium onion,,,,,,,,,,,,,,,,,,,,,,,,,,,,,,,,,,,,,,,,,,,,,,,,,,,,
mint leaves,,,,,,,,,,,,,,,,,,,,,,,,,,,,,,,,,,,,,,,,,,,,,,,,,,,,
spiced pecans,,,,,,,,,,,,,,,,,,,,,,,,,,,,,,,,,,,,,,,,,,,,,,,,,,,,
sugar ,,,,,,,,,,,,,,,,,,,,,,,,,,,,,,,,,,,,,,,,,,,,,,,,,,,,
fresh mint leaves,,,,,,,,,,,,,,,,,,,,,,,,,,,,,,,,,,,,,,,,,,,,,,,,,,,,
red bell pepper,,,,,,,,,,,,,,,,,,,,,,,,,,,,,,,,,,,,,,,,,,,,,,,,,,,,
large ears corn,,,,,,,,,,,,,,,,,,,,,,,,,,,,,,,,,,,,,,,,,,,,,,,,,,,,
pure vanilla extract,,,,,,,,,,,,,,,,,,,,,,,,,,,,,,,,,,,,,,,,,,,,,,,,,,,,
large lemon,,,,,,,,,,,,,,,,,,,,,,,,,,,,,,,,,,,,,,,,,,,,,,,,,,,,
pitted large green olives,,,,,,,,,,,,,,,,,,,,,,,,,,,,,,,,,,,,,,,,,,,,,,,,,,,,
bay leaf,,,,,,,,,,,,,,,,,,,,,,,,,,,,,,,,,,,,,,,,,,,,,,,,,,,,
 refrigerated crescent dinner rolls,,,,,,,,,,,,,,,,,,,,,,,,,,,,,,,,,,,,,,,,,,,,,,,,,,,,
dried thyme,,,,,,,,,,,,,,,,,,,,,,,,,,,,,,,,,,,,,,,,,,,,,,,,,,,,
large cloves garlic,,,,,,,,,,,,,,,,,,,,,,,,,,,,,,,,,,,,,,,,,,,,,,,,,,,,
orange juice,,,,,,,,,,,,,,,,,,,,,,,,,,,,,,,,,,,,,,,,,,,,,,,,,,,,
chicken stock,,,,,,,,,,,,,,,,,,,,,,,,,,,,,,,,,,,,,,,,,,,,,,,,,,,,
sliced fresh basil,,,,,,,,,,,,,,,,,,,,,,,,,,,,,,,,,,,,,,,,,,,,,,,,,,,,
arborio rice,,,,,,,,,,,,,,,,,,,,,,,,,,,,,,,,,,,,,,,,,,,,,,,,,,,,
grated zest,,,,,,,,,,,,,,,,,,,,,,,,,,,,,,,,,,,,,,,,,,,,,,,,,,,,
chopsticks,,,,,,,,,,,,,,,,,,,,,,,,,,,,,,,,,,,,,,,,,,,,,,,,,,,,
walnuts,,,,,,,,,,,,,,,,,,,,,,,,,,,,,,,,,,,,,,,,,,,,,,,,,,,,
chicken thighs,,,,,,,,,,,,,,,,,,,,,,,,,,,,,,,,,,,,,,,,,,,,,,,,,,,,
olive oil,,,,,,,,,,,,,,,,,,,,,,,,,,,,,,,,,,,,,,,,,,,,,,,,,,,,
lasagna filling,,,,,,,,,,,,,,,,,,,,,,,,,,,,,,,,,,,,,,,,,,,,,,,,,,,,
large clove garlic,,,,,,,,,,,,,,,,,,,,,,,,,,,,,,,,,,,,,,,,,,,,,,,,,,,,
all,,,,,,,,,,,,,,,,,,,,,,,,,,,,,,,,,,,,,,,,,,,,,,,,,,,,
garlic cloves,,,,,,,,,,,,,,,,,,,,,,,,,,,,,,,,,,,,,,,,,,,,,,,,,,,,
can cream of chicken soup,,,,,,,,,,,,,,,,,,,,,,,,,,,,,,,,,,,,,,,,,,,,,,,,,,,,
fresh arugula,,,,,,,,,,,,,,,,,,,,,,,,,,,,,,,,,,,,,,,,,,,,,,,,,,,,
large red peppers,,,,,,,,,,,,,,,,,,,,,,,,,,,,,,,,,,,,,,,,,,,,,,,,,,,,
dry sherry,,,,,,,,,,,,,,,,,,,,,,,,,,,,,,,,,,,,,,,,,,,,,,,,,,,,
orange zest,,,,,,,,,,,,,,,,,,,,,,,,,,,,,,,,,,,,,,,,,,,,,,,,,,,,
scant ,,,,,,,,,,,,,,,,,,,,,,,,,,,,,,,,,,,,,,,,,,,,,,,,,,,,
black pepper,,,,,,,,,,,,,,,,,,,,,,,,,,,,,,,,,,,,,,,,,,,,,,,,,,,,
blueberries,,,,,,,,,,,,,,,,,,,,,,,,,,,,,,,,,,,,,,,,,,,,,,,,,,,,
chopped capers,,,,,,,,,,,,,,,,,,,,,,,,,,,,,,,,,,,,,,,,,,,,,,,,,,,,
swordfish steak,,,,,,,,,,,,,,,,,,,,,,,,,,,,,,,,,,,,,,,,,,,,,,,,,,,,
breakfast cereal,,,,,,,,,,,,,,,,,,,,,,,,,,,,,,,,,,,,,,,,,,,,,,,,,,,,
packed fresh mint,,,,,,,,,,,,,,,,,,,,,,,,,,,,,,,,,,,,,,,,,,,,,,,,,,,,
generous ,,,,,,,,,,,,,,,,,,,,,,,,,,,,,,,,,,,,,,,,,,,,,,,,,,,,
lightly packed fresh basil leaves,,,,,,,,,,,,,,,,,,,,,,,,,,,,,,,,,,,,,,,,,,,,,,,,,,,,
sesame oil,,,,,,,,,,,,,,,,,,,,,,,,,,,,,,,,,,,,,,,,,,,,,,,,,,,,
evaporated milk,,,,,,,,,,,,,,,,,,,,,,,,,,,,,,,,,,,,,,,,,,,,,,,,,,,,
red,,,,,,,,,,,,,,,,,,,,,,,,,,,,,,,,,,,,,,,,,,,,,,,,,,,,
diced red onion,,,,,,,,,,,,,,,,,,,,,,,,,,,,,,,,,,,,,,,,,,,,,,,,,,,,
medium sized head cauliflower,,,,,,,,,,,,,,,,,,,,,,,,,,,,,,,,,,,,,,,,,,,,,,,,,,,,
chopped shallots,,,,,,,,,,,,,,,,,,,,,,,,,,,,,,,,,,,,,,,,,,,,,,,,,,,,
kosher,,,,,,,,,,,,,,,,,,,,,,,,,,,,,,,,,,,,,,,,,,,,,,,,,,,,
package puff pastry,,,,,,,,,,,,,,,,,,,,,,,,,,,,,,,,,,,,,,,,,,,,,,,,,,,,
jalapeno,,,,,,,,,,,,,,,,,,,,,,,,,,,,,,,,,,,,,,,,,,,,,,,,,,,,
finely grated ginger,,,,,,,,,,,,,,,,,,,,,,,,,,,,,,,,,,,,,,,,,,,,,,,,,,,,
lemon zest,,,,,,,,,,,,,,,,,,,,,,,,,,,,,,,,,,,,,,,,,,,,,,,,,,,,
meyer lemons,,,,,,,,,,,,,,,,,,,,,,,,,,,,,,,,,,,,,,,,,,,,,,,,,,,,
dried ziti,,,,,,,,,,,,,,,,,,,,,,,,,,,,,,,,,,,,,,,,,,,,,,,,,,,,
green onion,,,,,,,,,,,,,,,,,,,,,,,,,,,,,,,,,,,,,,,,,,,,,,,,,,,,
brittle,,,,,,,,,,,,,,,,,,,,,,,,,,,,,,,,,,,,,,,,,,,,,,,,,,,,
mixed pasta shapes,,,,,,,,,,,,,,,,,,,,,,,,,,,,,,,,,,,,,,,,,,,,,,,,,,,,
balsamic vinegar,,,,,,,,,,,,,,,,,,,,,,,,,,,,,,,,,,,,,,,,,,,,,,,,,,,,
ground black pepper,,,,,,,,,,,,,,,,,,,,,,,,,,,,,,,,,,,,,,,,,,,,,,,,,,,,
sriracha,,,,,,,,,,,,,,,,,,,,,,,,,,,,,,,,,,,,,,,,,,,,,,,,,,,,
cornstarch,,,,,,,,,,,,,,,,,,,,,,,,,,,,,,,,,,,,,,,,,,,,,,,,,,,,
dried basil,,,,,,,,,,,,,,,,,,,,,,,,,,,,,,,,,,,,,,,,,,,,,,,,,,,,
freshly ground pepper,,,,,,,,,,,,,,,,,,,,,,,,,,,,,,,,,,,,,,,,,,,,,,,,,,,,
fresh green beans,,,,,,,,,,,,,,,,,,,,,,,,,,,,,,,,,,,,,,,,,,,,,,,,,,,,
extra,,,,,,,,,,,,,,,,,,,,,,,,,,,,,,,,,,,,,,,,,,,,,,,,,,,,
corn,,,,,,,,,,,,,,,,,,,,,,,,,,,,,,,,,,,,,,,,,,,,,,,,,,,,
kosher salt,,,,,,,,,,,,,,,,,,,,,,,,,,,,,,,,,,,,,,,,,,,,,,,,,,,,
can tomato paste,,,,,,,,,,,,,,,,,,,,,,,,,,,,,,,,,,,,,,,,,,,,,,,,,,,,
chopped orange peelcandied ,,,,,,,,,,,,,,,,,,,,,,,,,,,,,,,,,,,,,,,,,,,,,,,,,,,,
boxes butter crisp wafer cookies,,,,,,,,,,,,,,,,,,,,,,,,,,,,,,,,,,,,,,,,,,,,,,,,,,,,
scallions,,,,,,,,,,,,,,,,,,,,,,,,,,,,,,,,,,,,,,,,,,,,,,,,,,,,
lightly packed fresh mint leaves,,,,,,,,,,,,,,,,,,,,,,,,,,,,,,,,,,,,,,,,,,,,,,,,,,,,
coarsely chopped jarred roasted red peppers,,,,,,,,,,,,,,,,,,,,,,,,,,,,,,,,,,,,,,,,,,,,,,,,,,,,
lightly crumbled saffron threads,,,,,,,,,,,,,,,,,,,,,,,,,,,,,,,,,,,,,,,,,,,,,,,,,,,,
package frozen chopped spinach,,,,,,,,,,,,,,,,,,,,,,,,,,,,,,,,,,,,,,,,,,,,,,,,,,,,
fresh rosemary,,,,,,,,,,,,,,,,,,,,,,,,,,,,,,,,,,,,,,,,,,,,,,,,,,,,
zucchini,,,,,,,,,,,,,,,,,,,,,,,,,,,,,,,,,,,,,,,,,,,,,,,,,,,,
fresh parsley,,,,,,,,,,,,,,,,,,,,,,,,,,,,,,,,,,,,,,,,,,,,,,,,,,,,
brown sugar,,,,,,,,,,,,,,,,,,,,,,,,,,,,,,,,,,,,,,,,,,,,,,,,,,,,
ground cumin,,,,,,,,,,,,,,,,,,,,,,,,,,,,,,,,,,,,,,,,,,,,,,,,,,,,
peanut oil,,,,,,,,,,,,,,,,,,,,,,,,,,,,,,,,,,,,,,,,,,,,,,,,,,,,
chopped chives,,,,,,,,,,,,,,,,,,,,,,,,,,,,,,,,,,,,,,,,,,,,,,,,,,,,
colossal size shrimp,,,,,,,,,,,,,,,,,,,,,,,,,,,,,,,,,,,,,,,,,,,,,,,,,,,,
coarsely chopped fresh parsley leaves,,,,,,,,,,,,,,,,,,,,,,,,,,,,,,,,,,,,,,,,,,,,,,,,,,,,
chopped semisweet chocolate,,,,,,,,,,,,,,,,,,,,,,,,,,,,,,,,,,,,,,,,,,,,,,,,,,,,
boneless rib eye,,,,,,,,,,,,,,,,,,,,,,,,,,,,,,,,,,,,,,,,,,,,,,,,,,,,
italian seasoned dry bread crumbs,,,,,,,,,,,,,,,,,,,,,,,,,,,,,,,,,,,,,,,,,,,,,,,,,,,,
package frozen peas,,,,,,,,,,,,,,,,,,,,,,,,,,,,,,,,,,,,,,,,,,,,,,,,,,,,
oil cured black olives,,,,,,,,,,,,,,,,,,,,,,,,,,,,,,,,,,,,,,,,,,,,,,,,,,,,
soy sauce,,,,,,,,,,,,,,,,,,,,,,,,,,,,,,,,,,,,,,,,,,,,,,,,,,,,
grated grana padano,,,,,,,,,,,,,,,,,,,,,,,,,,,,,,,,,,,,,,,,,,,,,,,,,,,,
medium onions,,,,,,,,,,,,,,,,,,,,,,,,,,,,,,,,,,,,,,,,,,,,,,,,,,,,
garam masala,,,,,,,,,,,,,,,,,,,,,,,,,,,,,,,,,,,,,,,,,,,,,,,,,,,,
minced fresh flat leaf parsley leaves,,,,,,,,,,,,,,,,,,,,,,,,,,,,,,,,,,,,,,,,,,,,,,,,,,,,
dark soy,,,,,,,,,,,,,,,,,,,,,,,,,,,,,,,,,,,,,,,,,,,,,,,,,,,,
sweetened cocoa powder,,,,,,,,,,,,,,,,,,,,,,,,,,,,,,,,,,,,,,,,,,,,,,,,,,,,
bay leaves,,,,,,,,,,,,,,,,,,,,,,,,,,,,,,,,,,,,,,,,,,,,,,,,,,,,
fennel seeds,,,,,,,,,,,,,,,,,,,,,,,,,,,,,,,,,,,,,,,,,,,,,,,,,,,,
frozen puff pastry,,,,,,,,,,,,,,,,,,,,,,,,,,,,,,,,,,,,,,,,,,,,,,,,,,,,
big pinch ground cardamom,,,,,,,,,,,,,,,,,,,,,,,,,,,,,,,,,,,,,,,,,,,,,,,,,,,,
shredded cheddar jack,,,,,,,,,,,,,,,,,,,,,,,,,,,,,,,,,,,,,,,,,,,,,,,,,,,,
freshly squeezed lemon juice,,,,,,,,,,,,,,,,,,,,,,,,,,,,,,,,,,,,,,,,,,,,,,,,,,,,
finely chopped fresh thyme leaves,,,,,,,,,,,,,,,,,,,,,,,,,,,,,,,,,,,,,,,,,,,,,,,,,,,,
quality dark rum,,,,,,,,,,,,,,,,,,,,,,,,,,,,,,,,,,,,,,,,,,,,,,,,,,,,
can diced tomatoes,,,,,,,,,,,,,,,,,,,,,,,,,,,,,,,,,,,,,,,,,,,,,,,,,,,,
fresh minced ginger,,,,,,,,,,,,,,,,,,,,,,,,,,,,,,,,,,,,,,,,,,,,,,,,,,,,
dried plums,,,,,,,,,,,,,,,,,,,,,,,,,,,,,,,,,,,,,,,,,,,,,,,,,,,,
parmesan,,,,,,,,,,,,,,,,,,,,,,,,,,,,,,,,,,,,,,,,,,,,,,,,,,,,
chopped jicama,,,,,,,,,,,,,,,,,,,,,,,,,,,,,,,,,,,,,,,,,,,,,,,,,,,,
clove garlic,,,,,,,,,,,,,,,,,,,,,,,,,,,,,,,,,,,,,,,,,,,,,,,,,,,,
large russet potatoes,,,,,,,,,,,,,,,,,,,,,,,,,,,,,,,,,,,,,,,,,,,,,,,,,,,,
large egg,,,,,,,,,,,,,,,,,,,,,,,,,,,,,,,,,,,,,,,,,,,,,,,,,,,,
sliced shallots,,,,,,,,,,,,,,,,,,,,,,,,,,,,,,,,,,,,,,,,,,,,,,,,,,,,
medium green olives,,,,,,,,,,,,,,,,,,,,,,,,,,,,,,,,,,,,,,,,,,,,,,,,,,,,
vegetable,,,,,,,,,,,,,,,,,,,,,,,,,,,,,,,,,,,,,,,,,,,,,,,,,,,,
lemon juice,,,,,,,,,,,,,,,,,,,,,,,,,,,,,,,,,,,,,,,,,,,,,,,,,,,,
herb,checked,,,,184.0,44.0,2.7,2.3,5.0,2.9,1.3,0.0,,,,,0.0,0.0,0.0,200.0,160.0,64.0,33.0,760.0,23.0,7.7,1.0,,673.0,0.0,1.7,548.0,0.23,0.06,1.5,,,,170.0,0.0,190.0,64528.0,Fresh,,,,,,,,,
milk,,,,,156.0,37.0,4.8,4.8,0.0,3.3,0.5,0.3,0.1,0.0,,,0.0,0.14,0.0,120.0,110.0,95.0,56.0,150.0,13.0,0.02,1.0,,8.0,0.0,0.01,0.0,0.04,0.18,0.9,,,,9.0,0.1,1.0,65627.0,,,,,,,,,,
powdered sugar,,,,,1702.0,400.0,100.0,99.0,0.0,0.0,0.0,0.0,0.0,0.0,,,0.0,0.0,0.0,2.0,0.0,1.0,12.0,11.0,0.0,0.5,0.0,0.0,0.0,0.0,0.0,0.0,0.0,0.0,0.0,,,,0.0,0.0,0.0,65312.0,,,,,,,,,,
cream cheese,,,,,1791.0,434.0,4.1,4.1,0.0,4.4,45.0,29.5,10.5,4.6,0.35,1.3,1.8,0.18,0.0,161.0,110.0,116.0,70.0,137.0,11.0,0.0,,14.0,412.0,0.3,1.1,,0.04,0.22,1.8,,,,11.0,0.6,0.0,5710.0,,,,,,,,,,
flour,,,,,1505.0,355.0,74.0,0.6,4.0,10.0,1.4,0.4,0.23,0.24,0.0,0.23,0.0,0.0,0.0,96.0,0.0,114.0,0.0,175.0,23.0,1.9,3.0,0.0,0.0,0.0,0.59,0.76,0.28,0.05,3.7,,,,16.0,0.0,0.0,63832.0,,,,,,,,,,
lime,,,,,,,,,,,,,,,,,,,,,,,,,,,,,,,,,,,,,,,,,,,,,,,,,,,,
paprika,,,,,,,,,,,,,,,,,,,,,,,,,,,,,,,,,,,,,,,,,,,,,,,,,,,,
oil,,,,,,,,,,,,,,,,,,,,,,,,,,,,,,,,,,,,,,,,,,,,,,,,,,,,
sherry,,,,,,,,,,,,,,,,,,,,,,,,,,,,,,,,,,,,,,,,,,,,,,,,,,,,
semisweet chocolate,,,,,,2010.0,480.0,63.9,54.5,5.9,4.2,30.0,17.8,9.97,0.966,0.0,0.966,,,0.0,32.0,,132.0,11.0,365.0,115.0,3.13,4.2,,0.0,0.0,0.0,5.6,0.055,0.09,0.427,0.105,0.035,,13.0,0.0,0.0,,,https://fdc.nal.usda.gov/fdc-app.html#/food-details/167976/nutrients,,,,,,,
heavy whipping cream,"cream, double creme",,,,,1568.0,381.0,2.6,2.6,0.0,1.9,40.0,25.2,11.7,1.1,,,,0.06,0.0,58.0,59.0,59.0,25.0,86.0,6.0,0.0,,,440.0,0.3,1.3,,0.02,0.17,0.5,0.22,0.04,1.4,7.0,0.2,1.0,63546.0,,,,,,,,,
rolled oats,,,,,,1654.0,392.0,64.0,0.5,7.8,12.0,8.1,1.3,3.1,3.2,0.09,3.0,0.01,0.0,0.0,50.0,87.0,387.0,1.0,372.0,114.0,3.6,3.0,0.0,0.0,0.0,0.59,0.0,1.1,0.05,3.5,0.75,0.34,19.0,32.0,0.0,0.0,64857.0,,,,,,,,,
red bell peppers,,checked,,,,112.0,27.0,4.3,4.2,2.2,0.8,0.0,0.05,0,0.1,,,0.0,0.0,0.0,7.0,48.0,23.0,1.0,216.0,11.0,0.39,0.0,3.0,97.0,0.0,0.95,1.6,0.07,0.06,0.6,0.27,0.23,3.3,75.0,0.0,126.0,64633.0,,,,,,,,,
active dry yeast,,,,,,781.0,184.0,3.2,0.0,0.0,40.0,1.5,,,,,,,0.13,0.0,80.0,,1290.0,50.0,2000.0,230.0,20.0,,,0.0,0.0,0.0,,2.3,4.0,15.5,11.0,2.0,200.0,4000.0,0.0,0.0,65549.0,,,,,,,,,
frozen peas,,checked,,,,329.0,78.0,10.0,5.4,5.3,5.3,0.7,0.13,0.07,0.36,0.06,0.31,0.0,0.0,0.0,36.0,59.0,86.0,4.0,171.0,26.0,1.8,0.0,2.0,44.0,0.0,0.11,,0.6,0.08,3.1,0.11,0.12,0.5,50.0,0.0,22.0,64617.0,,,,,,,,,
chopped garlic,,checked,,,,135.0,32.0,,,,7.9,,,0,0.3,,,0.0,0.0,0.0,19.0,0.0,170.0,4.0,620.0,25.0,1.9,2.0,3.0,0.0,0.0,0.01,,0.13,0.03,2.2,,0.38,,5.0,0.0,17.0,63866.0,,,,,,,,,
apple cider vinegar,,,,,,93.0,22.0,0.9,0.5,0.0,0.0,0.0,0.0,0,0.0,,,,0.01,0.0,7.0,,8.0,5.0,73.0,5.0,0.2,0.1,,0.0,0.0,0.0,0.0,0.0,0.0,0.0,0.0,0.0,,0.0,0.0,0.0,7391.0,,,,,,,,,
unsweetened cocoa powder,,,,,,1831.0,441.0,23.0,0.5,31.0,22.0,22.0,13.2,8.2,0.6,0.0,0.0,0.0,0.08,0.0,130.0,320.0,660.0,30.0,1500.0,520.0,10.5,0.0,0.0,7.0,0.0,0.68,1.5,0.16,0.06,5.6,0.0,0.07,0.0,38.0,0.0,0.0,24913.0,,,,,,,,,
fresh basil leaves,,checked,,,,169.0,40.0,5.1,0.0,0.0,3.1,0.8,0.0,,,,,0.0,0.02,0.0,250.0,,37.0,9.0,300.0,11.0,5.5,,,660.0,0.0,,0.0,0.08,0.31,,,,,,0.0,26.0,62775.0,,,,,,,,,
light corn syrup,,,,,,1292.0,304.0,76.0,76.0,0.0,0.0,0.0,0.0,"0
",0.0,,,,0.0,0.0,0.0,,,2.0,,0.0,0.0,0.7,,0.0,0.0,0.0,0.0,0.0,0.02,0.0,0.01,0.0,,0.0,0.0,0.0,6240.0,,,,,,,,,
black peppercorns,,,,,,1193.0,285.0,41.0,0.6,25.0,10.0,3.3,1.4,0.74,1.0,0.12,0.68,0.0,0.05,0.0,443.0,30.0,158.0,20.0,1329.0,171.0,9.7,5.0,,55.0,0.0,,164.0,0.11,0.18,,1.4,0.29,,17.0,0.0,0.0,64631.0,,,,,,,,,
large egg yolks,,,,,,1436.0,347.0,0.0,0.0,0.0,16.0,31.0,8.8,12,5.0,0.45,4.5,0.05,0.13,0.0,149.0,163.0,600.0,52.0,124.0,12.0,6.2,59.0,130.0,447.0,12.8,5.2,0.0,0.2,0.59,2.8,4.5,0.35,64.0,122.0,8.2,0.0,63757.0,,,,,,,,,
vanilla ice cream,"ice cream, icecream",,,,,720.0,172.0,21.0,21.0,0.0,3.2,8.2,5.2,2.1,0.32,0.08,0.24,0.18,0.16,0.0,104.0,110.0,85.0,63.0,163.0,13.0,0.06,1.0,30.0,99.0,0.5,0.49,0.0,0.1,0.28,1.0,1.1,0.04,2.2,6.0,0.5,1.0,63999.0,,,,,,,,,
arugula,"herb, rocket, herbaceous plant, Eruca, rocket salad, Eruca vesicaria sativa, garden rocket, genus Eruca, Eruca sativa, roquette",checked,,,,89.0,21.0,0.0,0.0,1.7,3.6,0.5,0.07,0,0.21,0.07,,0.0,0.08,0.0,216.0,93.0,44.0,30.0,326.0,28.0,1.3,2.0,5.0,190.0,0.0,0.22,109.0,0.19,0.18,1.6,0.29,0.08,1.3,88.0,0.0,20.0,65065.0,,,,,,,,,
large garlic cloves,,checked,,,,135.0,32.0,,,,7.9,,,0,0.3,,,0.0,0.0,0.0,19.0,0.0,170.0,4.0,620.0,25.0,1.9,2.0,3.0,0.0,0.0,0.01,,0.13,0.03,2.2,,0.38,,5.0,0.0,17.0,63866.0,,,,,,,,,
finely chopped onion,,checked,,,,173.0,41.0,7.9,6.1,2.2,1.0,0.0,0.0,0,0.07,,,0.0,0.0,0.0,30.0,54.0,23.0,3.0,138.0,8.0,0.3,0.0,2.0,2.0,0.0,0.29,0.0,0.11,0.02,0.6,0.04,0.1,1.0,11.0,0.0,3.0,64477.0,,,,,,,,,
leeks,"Allium porrum, alliaceous plant, scallion",checked,,,,93.0,22.0,2.9,2.2,2.2,1.6,0.5,0.1,0,0.3,,,0.0,0.0,0.0,24.0,0.0,44.0,0.0,260.0,3.0,1.1,1.0,,29.0,0.0,0.92,10.1,0.29,0.05,0.6,0.12,0.48,1.4,56.0,0.0,17.0,64183.0,,,,,,,,,
sliced almonds,flaked almonds,,,,,2701.0,654.0,6.5,4.0,13.0,25.0,56.0,4.4,38.2,10.5,0.27,10.2,0.0,0.04,0.0,240.0,18.0,550.0,14.0,780.0,270.0,3.0,2.0,2.0,54.0,0.0,24.0,0.0,0.1,0.06,2.9,0.44,0.15,64.0,48.0,0.0,0.0,62674.0,,,,,,,,,
dried parsley,,,,,,1129.0,273.0,14.0,12.0,45.0,16.0,7.0,0.0,,,,,,0.45,0.0,1080.0,860.0,340.0,180.0,4090.0,120.0,42.0,5.0,,3625.0,0.0,9.2,0.0,0.33,0.32,7.9,1.6,0.38,2.1,,0.0,120.0,64527.0,,,,,,,,,
medium tomatoes,,checked,,,,88.0,21.0,3.0,3.0,1.0,0.5,0.0,0.03,0.03,0.05,,,0.0,0.0,0.0,8.0,84.0,22.0,2.0,223.0,8.0,0.24,0.0,2.0,58.0,0.0,0.52,6.0,0.04,0.01,0.7,0.29,0.06,1.4,23.0,0.0,22.0,65406.0,,,,,,,,,
cake flour,,,,,,1505.0,355.0,74.0,0.6,4.0,10.0,1.4,0.4,0.23,0.24,0.01,0.23,0.0,0.0,0.0,96.0,0.0,114.0,0.0,175.0,23.0,1.9,3.0,0.0,0.0,0.0,0.59,0.76,0.28,0.05,3.7,0.44,0.18,1.8,16.0,0.0,0.0,63832.0,,,,,,,,,
shredded mozzarella cheese,,,,,,1060.0,255.0,0.0,0.0,0.0,18.0,20.0,13.8,5,0.76,,,0.8,0.99,0.0,362.0,650.0,267.0,395.0,51.0,15.0,0.0,6.0,18.0,283.0,0.2,0.31,,0.03,0.4,5.1,0.25,0.1,2.2,20.0,1.7,0.0,63280.0,,,,,,,,,
coarse salt,,,,,,0.0,0.0,0.0,0.0,0.0,0.0,0.0,0.0,0,0.0,0.0,0.0,0.0,94.8,0.0,135.0,58370.0,,37900.0,100.0,60.0,0.5,,53.0,0.0,0.0,0.0,,0.0,0.0,0.0,0.0,0.0,0.0,0.0,0.0,0.0,7341.0,,,,,,,,,
corn tortillas,,,,,,1204.0,286.0,47.0,4.4,2.6,8.0,6.7,1.6,3.5,1.4,,,,1.7,0.0,106.0,,190.0,686.0,153.0,20.0,3.3,24.0,,0.0,0.0,0.19,3.4,0.49,0.13,3.6,0.16,0.05,,5.0,0.0,0.0,5412.0,,,,,,,,,
slivered almonds,flaked almonds,,,,,2701.0,654.0,6.5,4.0,13.0,25.0,56.0,4.4,38.2,10.5,0.27,10.2,0.0,0.04,0.0,240.0,18.0,550.0,14.0,780.0,270.0,3.0,2.0,2.0,54.0,0.0,24.0,0.0,0.1,0.06,2.9,0.44,0.15,64.0,48.0,0.0,0.0,62674.0,,,,,,,,,
grated lemon zest,,,,,,121.0,30.0,0.0,0.0,11.0,1.5,0.5,0.1,0,0.1,,,0.0,0.02,0.0,130.0,,12.0,6.0,160.0,15.0,0.8,,,5.0,0.0,0.25,0.0,0.06,0.08,0.6,0.19,0.17,,11.0,0.0,130.0,64189.0,,,,,,,,,
vanilla bean,"flavouring, flavorer, vanilla, vanilla orchid, flavourer, seasoner, flavoring, vanilla extract, vanillin, seasoning, Vanilla planifolia",,,,,1423.0,340.0,62.0,62.0,0.0,0.0,0.0,0.0,0,0.0,0.0,0.0,0.0,0.0,,,0.0,,0.0,,,,,,,,,,,,,,,,,,,147511.0,vanilla bean paste,,,,,,,,
jalapeno peppers,"chilly, chipotle, chile, chili pepper, jalapeno, chili, chilli",,,,,107.0,26.0,4.2,4.1,1.7,0.7,0.5,0.03,0.02,0.15,,,0.0,0.99,0.0,36.0,,11.0,397.0,113.0,4.0,1.3,0.3,,6.0,0.0,,,0.01,0.03,0.63,0.08,0.12,,54.0,0.0,34.2,5618.0,,,,,,,,,
ice cubes,"cube, square block, ice, water ice",,,,,0.0,0.0,0.0,0.0,0.0,0.0,0.0,0.0,0,0.0,0.0,0.0,0.0,0.0,0.0,0.0,,,0.16,1.0,0.01,0.0,0.0,,0.0,0.0,0.0,0.0,0.0,0.0,,0.0,0.0,,0.0,0.0,0.0,10474.0,,,,,,,,,
ground pork,pork mince,,,,,685.0,164.0,0.0,0.0,,19.0,9.7,3.6,3.8,1.6,0.19,1.4,0.04,0.17,0.0,7.0,67.0,190.0,66.0,390.0,20.0,0.9,12.0,5.0,0.0,0.8,0.09,,0.96,0.22,10.0,1.3,0.2,1.0,2.0,1.0,0.0,64824.0,,,,,,,,,
fresh sage,,checked,,,,501.0,119.0,16.0,0.0,0.0,3.9,4.6,2.6,0.7,0.7,,,,0.0,0.0,600.0,,33.0,4.0,390.0,160.0,,,,215.0,0.0,,0.0,0.11,,,,,,,0.0,0.0,65078.0,,,,,,,,,
scallops,"Pectinidae, lamellibranch, bay scallop, Pecten irradians, Pecten magellanicus, pelecypod, giant scallop, scollop, sea scallop, bivalve, family Pectinidae, escallop",,,,,504.0,119.0,3.4,0.0,0.0,23.0,1.4,0.4,0.1,0.4,0.25,0.1,,0.45,,29.0,410.0,240.0,180.0,240.0,38.0,1.1,51.0,20.0,0.0,0.0,,0.0,0.08,0.05,5.9,0.16,,2.0,18.0,9.0,0.0,65178.0,,,,,,,,,
frozen chopped spinach,,checked,,,,116.0,28.0,0.5,0.5,3.1,3.1,0.8,0.1,0.1,0.5,,,0.0,0.04,0.0,150.0,31.0,48.0,16.0,340.0,31.0,1.7,1.0,2.0,1101.0,0.0,1.7,840.0,0.06,0.05,0.9,0.21,0.09,0.1,52.0,0.0,6.0,65267.0,,,,,,,,,
dark rum,,,,,,932.0,224.0,0.5,0.0,0.0,0.0,0.0,0.0,0,0.0,0.0,0.0,0.0,0.0,,,0.0,,0.0,,,,,,,,,,,,,,,,,,,3062102.0,,,,,,,,,
firmly packed brown sugar,,,,,,1646.0,387.0,97.0,96.0,0.0,0.0,0.0,0.0,0,0.0,0.0,0.0,0.0,0.08,0.0,56.0,,4.0,31.0,140.0,17.0,1.7,0.0,0.0,0.0,0.0,0.0,0.0,0.0,0.0,0.0,0.0,0.0,0.0,0.0,0.0,0.0,65310.0,,,,,,,,,
espresso,"coffee, java, latte, caffe latte",,,,,38.0,9.0,1.7,0.0,0.0,0.0,0.0,0.09,0,0.09,,,0.0,0.04,0.0,2.0,,7.0,14.0,115.0,80.0,0.13,0.0,,0.0,0.0,0.01,0.1,0.0,0.18,5.2,0.03,0.0,,1.0,0.0,0.2,6560.0,,,,,,,,,
russet potatoes,,,,,,343.0,81.0,18.0,0.8,1.6,1.8,0.0,0.0,0,0.0,0.0,0.0,0.0,0.0,0.0,,0.0,,0.0,,,,,,,,,,,,,,,,,,,2570338.0,,,,,,,,,
rice wine vinegar,,,,,,18.0,78.0,0.9,0.5,0.0,0.0,0.0,0.0,0,0.0,0.0,0.0,0.0,1.0,0.0,3.0,9610.0,10.0,400.0,34.0,4.0,0.1,1.0,,0.0,0.0,0.0,,0.0,0.0,0.0,0.0,0.0,0.0,0.0,0.0,0.0,139242.0,,,,,,,,,
low sodium chicken broth,,,,,,68.0,16.0,0.0,0.0,0.0,2.3,0.8,0.2,0.24,0.14,,,,0.39,0.0,3.0,,56.0,156.0,144.0,7.0,0.01,1.0,,2.0,0.0,0.17,0.0,0.03,0.08,1.2,0.33,0.04,,2.0,0.69,0.1,5391.0,,,,,,,,,
semisweet chocolate chips,,,,,,2340.0,564.0,32.0,27.0,11.0,9.1,42.0,25.6,17.8,1.5,0.0,0.0,0.0,0.0,0.0,68.0,137.0,284.0,0.39,641.0,202.0,9.1,7.6,0.0,2.5,0.0,0.59,7.3,0.03,0.06,0.95,0.36,0.04,0.0,0.0,0.23,0.0,8631.0,,,,,,,,,
ground cardamom,,,,,,1296.0,310.0,38.0,9.5,28.0,11.0,6.7,0.68,0.87,0.43,,,0.0,0.05,0.0,383.0,,178.0,18.0,1119.0,229.0,14.0,,,0.0,0.0,,,0.2,0.18,,,0.23,,0.0,0.0,21.0,63195.0,,,,,,,,,
lime zest,,,,,,45.0,11.0,0.0,0.0,1.1,1.5,0.5,0.1,0,0.1,0.0,0.0,0.0,0.02,0.0,130.0,15.0,12.0,6.0,160.0,15.0,0.8,0.0,0.0,5.0,0.0,0.0,0.0,0.06,0.08,0.6,0.32,0.17,0.0,0.0,0.0,130.0,39585.0,,,,,,,,,
romano cheese,,,,,,1633.0,394.0,0.0,0.0,0.0,26.0,32.0,18.0,,,,,,,0.0,,0.0,,0.0,,,,,,,,,,,,,,,,,,,2360421.0,,,,,,,,,
celery salt,"flavouring, flavorer, flavourer, seasoner, flavoring, seasoning",,,,,622.0,150.0,0.0,0.0,0.0,9.1,13.0,1.1,8,1.9,0.0,0.0,0.0,49.3,0.0,890.0,29950.0,276.0,19730.0,745.0,258.0,22.6,0.0,22.0,2.5,0.0,0.0,0.0,0.0,0.0,0.0,0.0,0.0,0.0,0.0,0.0,0.0,59212.0,,,,,,,,,
mandarin oranges,"citrus, mandarin, clementine, tangerine, mandarin orange tree, citrous fruit, satsuma, citrus fruit, Citrus reticulata",checked,,,,143.0,34.0,7.6,7.6,0.5,0.7,0.0,0.0,0,0.0,0.0,0.0,0.0,0.02,0.0,17.0,2.0,13.0,6.0,85.0,9.0,0.5,0.0,0.0,16.0,0.0,0.0,,0.08,0.01,0.3,0.15,0.03,0.8,12.0,0.0,20.0,64264.0,,,,,,,,,
golden raisins,,checked,,,,1278.0,302.0,69.0,69.0,6.1,2.1,0.5,0.0,,,,,,0.15,0.0,46.0,9.0,76.0,60.0,1020.0,35.0,3.8,8.0,,2.0,0.0,,3.7,0.12,0.05,0.8,0.15,0.25,2.0,10.0,0.0,1.0,64981.0,,,,,,,,,
superfine sugar,,,,,,1704.0,401.0,100.0,100.0,0.0,0.0,0.0,0.0,0,0.0,0.0,0.0,0.0,0.01,0.0,10.0,0.0,1.0,5.0,5.0,2.0,0.2,0.0,0.0,0.0,0.0,0.0,,0.0,0.02,0.0,0.0,0.0,0.0,0.0,0.0,0.0,65313.0,,,,,,,,,
freshly grated parmesan,,,,,,1717.0,413.0,0.9,0.9,0.0,35.0,30.0,19.3,7.7,1.1,,,1.1,1.7,0.0,1025.0,1100.0,680.0,660.0,152.0,41.0,0.8,12.0,72.0,410.0,0.3,0.76,0.0,0.03,0.32,9.1,0.43,0.11,3.3,12.0,3.3,0.0,63282.0,,,,,,,,,
dry bread crumbs,,,,,,1504.0,355.0,72.0,4.8,2.6,11.0,2.1,,,,,,,1.0,0.0,110.0,700.0,130.0,400.0,190.0,28.0,2.1,,,,0.0,,0.0,0.54,0.08,3.9,,0.07,,19.0,0.0,0.0,65611.0,,,,,,,,,
white beans,"navy bean, common bean, pea bean",checked,,,,370.0,88.0,13.0,1.8,4.2,5.2,0.6,0.18,0.5,0.3,,,,0.74,0.0,42.0,430.0,90.0,295.0,236.0,27.0,1.1,0.9,,0.0,0.0,0.6,4.0,0.1,0.0,0.1,0.2,0.1,3.7,36.0,0.0,1.0,5701.0,,,,,,,,,
roma tomatoes,,checked,,,,77.0,18.0,3.0,2.8,0.7,1.0,0.0,0.0,0,0.0,0.0,0.0,0.0,0.1,0.0,,61.0,,40.0,,,,,,,,,,,,,,,,,,,3005721.0,,,,,,,,,
bourbon,"ultraconservative, reactionary, extreme right",,,,,2041.0,487.0,66.0,25.0,2.8,6.3,21.0,12.0,,,,,,0.22,0.0,,133.0,,88.0,,,,,,,,,,,,,,,,0.0,,,2563358.0,,,,,,,,,
fine sea salt,,,,,,0.0,0.0,0.0,0.0,0.0,0.0,0.0,0.0,0,0.0,0.0,0.0,0.0,98.3,0.0,10.0,59900.0,1.0,39300.0,89.0,76.0,0.3,,44.0,0.0,0.0,0.0,,0.0,0.0,0.0,0.0,0.0,0.0,0.0,0.0,0.0,65115.0,,,,,,,,,
cooked bacon,,,checked,,,1277.0,307.0,0.0,0.0,0.0,25.0,23.0,8.4,10,3.0,0.38,2.6,0.14,3.5,0.0,8.0,2060.0,220.0,1390.0,350.0,21.0,0.7,11.0,8.0,0.0,0.6,0.13,0.0,0.77,0.17,12.6,1.3,0.42,6.0,3.0,1.0,0.0,62746.0,,,,,,,,,
toasted sesame oil,,,,,,3700.0,900.0,0.0,0.0,0.0,0.0,100.0,14.6,,,,,,0.0,0.0,,0.0,,0.0,,,,,,,,,,,,,,,,,,,2578218.0,,,,,,,,,
taco seasoning mix,,,,,,1322.0,315.0,63.0,28.0,,9.1,6.0,1.0,,,,,,10.0,0.0,,6060.0,,4000.0,,,,,,,,,,,,,,,,0.0,,,4299351.0,,,,,,,,,
panko breadcrumbs,,,,,,1121.0,266.0,47.0,0.6,1.3,7.5,5.5,2.2,,,,,,0.53,0.0,,321.0,,212.0,,,,,,,,,,,,,,,,,,,2650961.0,,,,,,,,,
dried sage,,,,,,1310.0,312.0,39.0,0.0,,11.0,13.0,7.0,1.9,1.8,,,0.0,0.03,0.0,1650.0,,91.0,11.0,1070.0,430.0,28.1,,,590.0,0.0,,,,0.34,5.7,,,,0.0,0.0,0.0,65077.0,,,,,,,,,
low sodium soy sauce,,,,,,185.0,44.0,7.9,7.1,0.0,3.0,0.0,0.0,0,0.0,0.0,0.0,0.0,10.7,0.0,17.0,6384.0,47.0,4272.0,180.0,37.0,2.4,0.0,0.0,0.0,0.0,0.0,0.0,0.05,0.13,4.8,0.0,0.0,0.0,11.0,0.0,0.0,13489.0,,,,,,,,,
granulated garlic,Garlic powder,,,,,1107.0,262.0,39.0,4.1,9.9,19.0,1.2,0.2,0,0.4,,,,0.05,0.0,65.0,190.0,220.0,19.0,1360.0,61.0,3.9,5.0,,0.0,0.0,0.03,0.0,,0.12,4.7,,0.99,,0.0,0.0,0.0,63865.0,,,,,,,,,
fresh mozzarella,,,,,,1060.0,255.0,0.0,0.0,0.0,18.0,20.0,13.8,5,0.76,,,0.8,0.99,0.0,362.0,650.0,267.0,395.0,51.0,15.0,0.0,6.0,18.0,283.0,0.2,0.31,,0.03,0.4,5.1,0.25,0.1,2.2,20.0,1.7,0.0,63280.0,,,,,,,,,
mascarpone cheese,,,,,,1791.0,434.0,4.1,4.1,0.0,4.4,45.0,29.5,10.5,4.6,0.35,1.3,1.8,0.18,0.0,161.0,110.0,116.0,70.0,137.0,11.0,0.0,,14.0,412.0,0.3,1.1,,0.04,0.22,1.8,0.27,0.04,1.6,11.0,0.6,0.0,5710.0,,,,,,,,,
glaze,"coat, surface",,,,x,,,,,,,,,,,,,,,,,,,,,,,,,,,,,,,,,,,,,,,,,,,,,,,
blanched almonds,,,,,,2701.0,654.0,6.5,4.0,13.0,25.0,56.0,4.4,38.2,10.5,0.27,10.2,0.0,0.04,0.0,240.0,18.0,550.0,14.0,780.0,270.0,3.0,2.0,2.0,54.0,0.0,24.0,0.0,0.1,0.06,2.9,0.44,0.15,64.0,48.0,0.0,0.0,62674.0,,,,,,,,,
pesto sauce,,,,,,1706.0,414.0,3.7,2.3,1.1,3.6,43.0,6.5,16.6,17.6,0.17,17.2,0.29,2.1,0.0,209.0,950.0,141.0,840.0,180.0,44.0,1.1,4.0,4.0,197.0,0.7,16.7,,0.06,0.12,1.8,0.2,0.03,3.0,16.0,0.0,0.0,64648.0,,,,,,,,,
chorizo sausage,,,checked,,,1645.0,397.0,2.2,1.1,1.0,24.0,32.0,12.0,14.5,4.9,,,,3.5,0.0,,,,1400.0,240.0,,,,,,0.0,,0.0,,,,,,,3.0,,,63421.0,,,,,,,,,
saffron threads,,,,,,1429.0,338.0,60.0,42.0,0.0,11.0,5.9,0.0,,,,,,0.38,0.0,110.0,,250.0,150.0,1720.0,,11.1,,,0.0,0.0,,0.0,,,,,,,0.0,0.0,0.0,65076.0,,,,,,,,,
fine salt,,,,,,0.0,0.0,0.0,0.0,0.0,0.0,0.0,0.0,0,0.0,0.0,0.0,0.0,98.3,0.0,10.0,59900.0,1.0,39300.0,89.0,76.0,0.3,,44.0,0.0,0.0,0.0,,0.0,0.0,0.0,0.0,0.0,0.0,0.0,0.0,0.0,65115.0,,,,,,,,,
unbleached flour,,,,,,1505.0,355.0,74.0,0.6,4.0,10.0,1.4,0.4,0.23,0.24,0.0,0.23,0.0,0.0,0.0,96.0,0.0,114.0,0.0,175.0,23.0,1.9,3.0,0.0,0.0,0.0,0.59,0.76,0.28,0.05,3.7,0.44,0.18,1.8,16.0,0.0,0.0,63832.0,,,,,,,,,
dark sesame oil,,,,,,3692.0,898.0,0.0,0.0,0.0,0.0,100.0,14.6,37.5,43.0,0.3,43.0,0.0,0.0,0.0,10.0,,,2.0,20.0,0.0,0.1,0.0,0.0,0.0,0.0,,,0.01,0.07,0.1,0.0,0.0,0.0,0.0,0.0,0.0,64448.0,,,,,,,,,
grenadine,"syrup, sirup",,,,,1265.0,303.0,75.0,75.0,,0.0,0.0,0.0,0,0.0,0.0,,0.0,0.03,0.0,,18.2,,12.0,,,,,,,,,,,,,,,,0.0,,,2361926.0,,,,,,,,,
baby arugula,rocket,checked,,,,89.0,21.0,0.0,0.0,1.7,3.6,0.5,0.07,0,0.21,0.07,,0.0,0.08,0.0,216.0,93.0,44.0,30.0,326.0,28.0,1.3,2.0,5.0,190.0,0.0,0.22,109.0,0.19,0.18,1.6,0.29,0.08,1.3,88.0,0.0,20.0,65065.0,,,,,,,,,
rotini pasta,,,,,,729.0,172.0,34.0,1.1,2.5,6.1,0.8,0.11,0.09,0.32,0.02,0.3,0.0,0.0,0.0,12.0,49.0,88.0,1.0,114.0,23.0,0.78,11.0,0.0,0.0,0.0,0.15,,0.08,0.01,2.8,0.39,0.07,0.5,9.0,0.0,0.0,64552.0,,,,,,,,,
light rum,,,,,,919.0,222.0,0.0,0.0,0.0,0.0,0.0,0.0,0,0.0,0.0,0.0,0.0,0.0,31.7,0.0,0.0,0.0,0.0,0.0,0.0,0.0,0.0,0.0,0.0,0.0,0.0,0.0,0.0,0.0,0.0,0.0,0.0,0.0,0.0,0.0,0.0,65270.0,,,,,,,,,
yukon gold potatoes,,,,,,283.0,68.0,13.0,0.5,2.1,2.4,0.0,0.0,0,0.0,0.0,0.0,0.0,0.02,0.0,,12.1,,8.0,,,,,,,,,,,,,,,,0.0,,,4315854.0,,,,,,,,,
phyllo dough,filo pastry,,,,,1194.0,281.0,59.0,5.9,2.2,8.3,0.9,0.3,1.2,1.2,0.15,1.1,0.0,0.88,0.0,108.0,500.0,78.0,350.0,119.0,17.0,1.5,5.0,0.0,0.0,0.0,0.3,,0.2,0.02,1.0,0.4,0.06,2.1,11.0,0.0,0.0,64569.0,,,,,,,,,
orange bell pepper,,checked,,,,144.0,34.0,5.8,5.6,2.0,1.1,0.5,0.05,0,0.15,0.0,0.0,0.0,0.0,0.0,8.0,19.5,24.0,4.0,190.0,15.0,0.35,0.0,0.5,336.0,0.0,0.8,0.8,0.01,0.03,1.2,0.08,0.35,0.0,25.0,0.0,135.0,68015.0,,,,,,,,,
turkey sausage,,,,,,624.0,149.0,0.5,,,19.0,8.0,1.9,2.6,2.4,0.04,1.2,0.17,1.5,0.0,19.0,,177.0,593.0,262.0,19.0,1.2,,,13.0,,,,0.77,0.23,4.6,1.0,0.43,,5.0,1.3,2.3,65870.0,,,,,,,,,
ziti,"pasta, alimentary paste",,,,,1489.0,351.0,70.0,3.0,3.0,14.0,1.0,0.2,,,,,,0.0,0.0,,6.1,,4.0,,,,,,,,,,,,,,,,,,,2257923.0,,,,,,,,,
fresh ginger root,,,,,,223.0,53.0,8.0,2.0,2.0,2.0,0.8,0.2,0.15,0.15,,,0.0,0.03,0.0,16.0,,34.0,13.0,34.0,43.0,0.6,,,0.0,0.0,0.26,0.1,0.02,0.03,1.0,0.2,0.16,,11.0,0.0,5.0,63877.0,,,,,,,,,
instant espresso powder,instant coffee powder,,,,,416.0,98.0,4.1,0.0,0.0,20.0,0.0,0.0,0,0.0,0.0,0.0,0.0,0.2,0.0,140.0,65.0,310.0,81.0,3780.0,330.0,4.6,9.0,0.0,,0.0,0.0,4.3,0.04,0.21,27.7,0.0,0.02,67.0,11.0,0.0,0.0,63480.0,,,,,,,,,
jumbo shrimp,,,,,,493.0,117.0,0.0,0.0,0.0,24.0,2.4,0.4,0.5,0.8,0.68,0.8,,9.6,0.0,320.0,5850.0,270.0,3840.0,400.0,110.0,1.8,46.0,100.0,,0.0,,0.0,0.01,0.01,5.4,0.24,0.08,1.0,9.0,3.0,0.0,65219.0,,,,,,,,,
reduced sodium soy sauce,low salt soy sauce,,,,,185.0,44.0,7.9,7.1,0.0,3.0,0.0,0.0,0,0.0,0.0,0.0,0.0,10.7,0.0,17.0,6384.0,47.0,4272.0,180.0,37.0,2.4,0.0,0.0,0.0,0.0,0.0,0.0,0.05,0.13,4.8,0.0,0.0,0.0,11.0,0.0,0.0,13489.0,,,,,,,,,
almond flour,ground almonds,,,,,2637.0,638.0,6.5,4.0,13.0,21.0,56.0,4.4,38.2,10.5,0.27,10.2,0.0,0.04,0.0,240.0,18.0,550.0,14.0,780.0,270.0,3.0,2.0,2.0,0.0,0.0,24.0,,0.21,0.75,6.5,0.44,0.15,64.0,48.0,0.0,0.0,13506.0,,,,,,,,,
salt pork,"pork, sowbelly, porc, fatback",,,,,764.0,182.0,0.0,0.0,0.0,30.0,6.8,2.4,2.6,1.1,,,0.0,0.15,0.0,12.0,60.0,230.0,61.0,370.0,25.0,0.8,19.0,5.0,0.0,0.7,0.03,0.0,0.78,0.2,12.7,1.9,0.37,5.0,2.0,1.0,0.0,64819.0,,,,,,,,,
turbinado sugar,,,,,,,,,,,,,,,,,,,,,,,,,,,,,,,,,,,,,,,,,,,,,,,,,,,,
pork roast,"roast pork, roast, joint",,checked,,,,,,,,,,,,,,,,,,,,,,,,,,,,,,,,,,,,,,,,,,,,,,,,,
allspice berries,,,,,,,,,,,,,,,,,,,,,,,,,,,,,,,,,,,,,,,,,,,,,,,,,,,,
self rising flour,,,,,,,,,,,,,,,,,,,,,,,,,,,,,,,,,,,,,,,,,,,,,,,,,,,,
extra firm tofu,,,,,,,,,,,,,,,,,,,,,,,,,,,,,,,,,,,,,,,,,,,,,,,,,,,,
dried figs,,checked,,,,,,,,,,,,,,,,,,,,,,,,,,,,,,,,,,,,,,,,,,,,,,,,,,
licorice,"candy, confect, liquorice",,,,,,,,,,,,,,,,,,,,,,,,,,,,,,,,,,,,,,,,,,,,,,,,,,,
coconut rum,,,,,,,,,,,,,,,,,,,,,,,,,,,,,,,,,,,,,,,,,,,,,,,,,,,,
cooked quinoa,,,,,,,,,,,,,,,,,,,,,,,,,,,,,,,,,,,,,,,,,,,,,,,,,,,,
white peppercorns,,,,,,,,,,,,,,,,,,,,,,,,,,,,,,,,,,,,,,,,,,,,,,,,,,,,
yellow mustard seeds,,,,,,,,,,,,,,,,,,,,,,,,,,,,,,,,,,,,,,,,,,,,,,,,,,,,
chocolate wafer cookies,,,,,,,,,,,,,,,,,,,,,,,,,,,,,,,,,,,,,,,,,,,,,,,,,,,,
taco shells,,,,,,,,,,,,,,,,,,,,,,,,,,,,,,,,,,,,,,,,,,,,,,,,,,,,
seedless watermelon,,checked,,,,,,,,,,,,,,,,,,,,,,,,,,,,,,,,,,,,,,,,,,,,,,,,,,
green cardamom pods,,,,,,,,,,,,,,,,,,,,,,,,,,,,,,,,,,,,,,,,,,,,,,,,,,,,
spiced rum,,,,,,,,,,,,,,,,,,,,,,,,,,,,,,,,,,,,,,,,,,,,,,,,,,,,
angostura bitters,,,,,,,,,,,,,,,,,,,,,,,,,,,,,,,,,,,,,,,,,,,,,,,,,,,,
bittersweet chocolate chips,,,,,,,,,,,,,,,,,,,,,,,,,,,,,,,,,,,,,,,,,,,,,,,,,,,,
seedless red grapes,,checked,,,,,,,,,,,,,,,,,,,,,,,,,,,,,,,,,,,,,,,,,,,,,,,,,,
italian sausage,,,checked,,,,,,,,,,,,,,,,,,,,,,,,,,,,,,,,,,,,,,,,,,,,,,,,,
bourbon whiskey,,,,,,,,,,,,,,,,,,,,,,,,,,,,,,,,,,,,,,,,,,,,,,,,,,,,
idaho potatoes,,,,,,,,,,,,,,,,,,,,,,,,,,,,,,,,,,,,,,,,,,,,,,,,,,,,
granulated onion,,,,,,,,,,,,,,,,,,,,,,,,,,,,,,,,,,,,,,,,,,,,,,,,,,,,
coarse sugar,,,,,,,,,,,,,,,,,,,,,,,,,,,,,,,,,,,,,,,,,,,,,,,,,,,,
cream sherry,,,,,,,,,,,,,,,,,,,,,,,,,,,,,,,,,,,,,,,,,,,,,,,,,,,,
pimento stuffed olives,,,,,,,,,,,,,,,,,,,,,,,,,,,,,,,,,,,,,,,,,,,,,,,,,,,,
coconut sugar,,,,,,,,,,,,,,,,,,,,,,,,,,,,,,,,,,,,,,,,,,,,,,,,,,,,
sun dried tomatoes,,checked,,,,,,,,,,,,,,,,,,,,,,,,,,,,,,,,,,,,,,,,,,,,,,,,,,
sambuca,"liqueur, cordial",,,,,,,,,,,,,,,,,,,,,,,,,,,,,,,,,,,,,,,,,,,,,,,,,,,
butter,"food, Meuniere butter, brown butter, lemon butter, yak butter, beurre noisette, clarified butter, stick, dairy product, solid food, drawn butter",,,,,,,,,,,,,,,,,,,,,,,,,,,,,,,,,,,,,,,,,,,,,,,,,,,
vanilla bean ice cream,,,,,,,,,,,,,,,,,,,,,,,,,,,,,,,,,,,,,,,,,,,,,,,,,,,,
szechwan peppercorns,,,,,,,,,,,,,,,,,,,,,,,,,,,,,,,,,,,,,,,,,,,,,,,,,,,,
italian parsley leaves,,,,,,,,,,,,,,,,,,,,,,,,,,,,,,,,,,,,,,,,,,,,,,,,,,,,
vanilla bean paste,,,,,,,,,,,,,,,,,,,,,,,,,,,,,,,,,,,,,,,,,,,,,,,,,,,,
chanterelle mushrooms,,checked,,,,,,,,,,,,,,,,,,,,,,,,,,,,,,,,,,,,,,,,,,,,,,,,,,
dijon mustard,,,,,,,,,,,,,,,,,,,,,,,,,,,,,,,,,,,,,,,,,,,,,,,,,,,,
ground ginger,,,,,,,,,,,,,,,,,,,,,,,,,,,,,,,,,,,,,,,,,,,,,,,,,,,,
ginger,"herb, Alpinia officinarum, Alpinia speciosa, Zingiber officinale, Canton ginger, Languas speciosa, Zingiber, shellflower, red ginger, galangal, stem ginger, common ginger, herbaceous plant, Alpinia officinalis, Alpinia Zerumbet, genus Zingiber, gingerol, shell ginger, shall",,,,,,,,,,,,,,,,,,,,,,,,,,,,,,,,,,,,,,,,,,,,,,,,,,,
